﻿Financial Instrument_Name;Financial Instrument_Identifier (ISO 6166);Written description of financial instrument, if no identifier available (including the currency of the underlying instrument, price multiplier, price notation, quantity notation and delivery type);Instrument classification;Currency
AUDJPY;N/A;The product is a Rolling FX Spot contract. Underlying Asset: AUDJPY. Currency of Underlying Instrument: JPY. Price Multiplier: 1. Price Notation: Monetary Value. Quantity Notation: Number of Units/Notional. Delivery Type: CASH;JFTXFC;JPY
EURUSD;N/A;The product is a Rolling FX Spot contract. Underlying Asset: EURUSD. Currency of Underlying Instrument: USD. Price Multiplier: 1. Price Notation: Monetary Value. Quantity Notation: Number of Units/Notional. Delivery Type: CASH;JFTXFC;USD
USDCHF;N/A;The product is a Rolling FX Spot contract. Underlying Asset: USDCHF. Currency of Underlying Instrument: CHF. Price Multiplier: 1. Price Notation: Monetary Value. Quantity Notation: Number of Units/Notional. Delivery Type: CASH;JFTXFC;CHF
JP225.I;N/A;The product is a contract for difference (CFD). Underlying Asset: JP225.I. Currency of Underlying Instrument: JPY. Price Multiplier: 1. Price Notation: Monetary Value. Quantity Notation: Notional. Delivery Type: CASH;JEIXCC;JPY
CHFJPY;N/A;The product is a Rolling FX Spot contract. Underlying Asset: CHFJPY. Currency of Underlying Instrument: JPY. Price Multiplier: 1. Price Notation: Monetary Value. Quantity Notation: Number of Units/Notional. Delivery Type: CASH;JFTXFC;JPY
USDSEK;N/A;The product is a Rolling FX Spot contract. Underlying Asset: USDSEK. Currency of Underlying Instrument: SEK. Price Multiplier: 1. Price Notation: Monetary Value. Quantity Notation: Number of Units/Notional. Delivery Type: CASH;JFTXFC;SEK
GBPJPY;N/A;The product is a Rolling FX Spot contract. Underlying Asset: GBPJPY. Currency of Underlying Instrument: JPY. Price Multiplier: 1. Price Notation: Monetary Value. Quantity Notation: Number of Units/Notional. Delivery Type: CASH;JFTXFC;JPY
NZDUSD;N/A;The product is a Rolling FX Spot contract. Underlying Asset: NZDUSD. Currency of Underlying Instrument: USD. Price Multiplier: 1. Price Notation: Monetary Value. Quantity Notation: Number of Units/Notional. Delivery Type: CASH;JFTXFC;USD
USDCAD;N/A;The product is a Rolling FX Spot contract. Underlying Asset: USDCAD. Currency of Underlying Instrument: CAD. Price Multiplier: 1. Price Notation: Monetary Value. Quantity Notation: Number of Units/Notional. Delivery Type: CASH;JFTXFC;CAD
EURCHF;N/A;The product is a Rolling FX Spot contract. Underlying Asset: EURCHF. Currency of Underlying Instrument: CHF. Price Multiplier: 1. Price Notation: Monetary Value. Quantity Notation: Number of Units/Notional. Delivery Type: CASH;JFTXFC;CHF
USDTRY;N/A;The product is a Rolling FX Spot contract. Underlying Asset: USDTRY. Currency of Underlying Instrument: TRY. Price Multiplier: 1. Price Notation: Monetary Value. Quantity Notation: Number of Units/Notional. Delivery Type: CASH;JFTXFC;TRY
EURSEK;N/A;The product is a Rolling FX Spot contract. Underlying Asset: EURSEK. Currency of Underlying Instrument: SEK. Price Multiplier: 1. Price Notation: Monetary Value. Quantity Notation: Number of Units/Notional. Delivery Type: CASH;JFTXFC;SEK
GBPUSD;N/A;The product is a Rolling FX Spot contract. Underlying Asset: GBPUSD. Currency of Underlying Instrument: USD. Price Multiplier: 1. Price Notation: Monetary Value. Quantity Notation: Number of Units/Notional. Delivery Type: CASH;JFTXFC;USD
USDJPY;N/A;The product is a Rolling FX Spot contract. Underlying Asset: USDJPY. Currency of Underlying Instrument: JPY. Price Multiplier: 1. Price Notation: Monetary Value. Quantity Notation: Number of Units/Notional. Delivery Type: CASH;JFTXFC;JPY
USDSGD;N/A;The product is a Rolling FX Spot contract. Underlying Asset: USDSGD. Currency of Underlying Instrument: SGD. Price Multiplier: 1. Price Notation: Monetary Value. Quantity Notation: Number of Units/Notional. Delivery Type: CASH;JFTXFC;SGD
AUDUSD;N/A;The product is a Rolling FX Spot contract. Underlying Asset: AUDUSD. Currency of Underlying Instrument: USD. Price Multiplier: 1. Price Notation: Monetary Value. Quantity Notation: Number of Units/Notional. Delivery Type: CASH;JFTXFC;USD
NZDJPY;N/A;The product is a Rolling FX Spot contract. Underlying Asset: NZDJPY. Currency of Underlying Instrument: JPY. Price Multiplier: 1. Price Notation: Monetary Value. Quantity Notation: Number of Units/Notional. Delivery Type: CASH;JFTXFC;JPY
CHINA50APR19;N/A;The product is a contract for difference (CFD). Underlying Asset: CHINA50APR19. Currency of Underlying Instrument: USD. Price Multiplier: 1. Price Notation: Monetary Value. Quantity Notation: Notional. Delivery Type: CASH;JEFXCC;USD
AUDCHF;N/A;The product is a Rolling FX Spot contract. Underlying Asset: AUDCHF. Currency of Underlying Instrument: CHF. Price Multiplier: 1. Price Notation: Monetary Value. Quantity Notation: Number of Units/Notional. Delivery Type: CASH;JFTXFC;CHF
AUDNZD;N/A;The product is a Rolling FX Spot contract. Underlying Asset: AUDNZD. Currency of Underlying Instrument: NZD. Price Multiplier: 1. Price Notation: Monetary Value. Quantity Notation: Number of Units/Notional. Delivery Type: CASH;JFTXFC;NZD
TRYJPY;N/A;The product is a Rolling FX Spot contract. Underlying Asset: TRYJPY. Currency of Underlying Instrument: JPY. Price Multiplier: 1. Price Notation: Monetary Value. Quantity Notation: Number of Units/Notional. Delivery Type: CASH;JFTXFC;JPY
GBPCAD;N/A;The product is a Rolling FX Spot contract. Underlying Asset: GBPCAD. Currency of Underlying Instrument: CAD. Price Multiplier: 1. Price Notation: Monetary Value. Quantity Notation: Number of Units/Notional. Delivery Type: CASH;JFTXFC;CAD
USDCNH;N/A;The product is a Rolling FX Spot contract. Underlying Asset: USDCNH. Currency of Underlying Instrument: CNH. Price Multiplier: 1. Price Notation: Monetary Value. Quantity Notation: Number of Units/Notional. Delivery Type: CASH;JFTXFC;CNH
EURGBP;N/A;The product is a Rolling FX Spot contract. Underlying Asset: EURGBP. Currency of Underlying Instrument: GBP. Price Multiplier: 1. Price Notation: Monetary Value. Quantity Notation: Number of Units/Notional. Delivery Type: CASH;JFTXFC;GBP
EURCAD;N/A;The product is a Rolling FX Spot contract. Underlying Asset: EURCAD. Currency of Underlying Instrument: CAD. Price Multiplier: 1. Price Notation: Monetary Value. Quantity Notation: Number of Units/Notional. Delivery Type: CASH;JFTXFC;CAD
EURAUD;N/A;The product is a Rolling FX Spot contract. Underlying Asset: EURAUD. Currency of Underlying Instrument: AUD. Price Multiplier: 1. Price Notation: Monetary Value. Quantity Notation: Number of Units/Notional. Delivery Type: CASH;JFTXFC;AUD
EURHUF;N/A;The product is a Rolling FX Spot contract. Underlying Asset: EURHUF. Currency of Underlying Instrument: HUF. Price Multiplier: 1. Price Notation: Monetary Value. Quantity Notation: Number of Units/Notional. Delivery Type: CASH;JFTXFC;HUF
EURJPY;N/A;The product is a Rolling FX Spot contract. Underlying Asset: EURJPY. Currency of Underlying Instrument: JPY. Price Multiplier: 1. Price Notation: Monetary Value. Quantity Notation: Number of Units/Notional. Delivery Type: CASH;JFTXFC;JPY
EURUSD_20190624;N/A;The product is an FX Forward. Underlying Asset: EURUSD. Currency of Underlying Instrument: USD. Price Multiplier: 1. Price Notation: Monetary Value. Quantity Notation: Number of Units/Notional. Delivery Type: PHYSICAL. Delivery Date: 20190624;JFRXFC;USD
USDPLN;N/A;The product is a Rolling FX Spot contract. Underlying Asset: USDPLN. Currency of Underlying Instrument: PLN. Price Multiplier: 1. Price Notation: Monetary Value. Quantity Notation: Number of Units/Notional. Delivery Type: CASH;JFTXFC;PLN
CADCHF;N/A;The product is a Rolling FX Spot contract. Underlying Asset: CADCHF. Currency of Underlying Instrument: CHF. Price Multiplier: 1. Price Notation: Monetary Value. Quantity Notation: Number of Units/Notional. Delivery Type: CASH;JFTXFC;CHF
EURNOK;N/A;The product is a Rolling FX Spot contract. Underlying Asset: EURNOK. Currency of Underlying Instrument: NOK. Price Multiplier: 1. Price Notation: Monetary Value. Quantity Notation: Number of Units/Notional. Delivery Type: CASH;JFTXFC;NOK
TRYDKK;N/A;The product is a Rolling FX Spot contract. Underlying Asset: TRYDKK. Currency of Underlying Instrument: DKK. Price Multiplier: 1. Price Notation: Monetary Value. Quantity Notation: Number of Units/Notional. Delivery Type: CASH;JFTXFC;DKK
CADJPY;N/A;The product is a Rolling FX Spot contract. Underlying Asset: CADJPY. Currency of Underlying Instrument: JPY. Price Multiplier: 1. Price Notation: Monetary Value. Quantity Notation: Number of Units/Notional. Delivery Type: CASH;JFTXFC;JPY
EURSGD;N/A;The product is a Rolling FX Spot contract. Underlying Asset: EURSGD. Currency of Underlying Instrument: SGD. Price Multiplier: 1. Price Notation: Monetary Value. Quantity Notation: Number of Units/Notional. Delivery Type: CASH;JFTXFC;SGD
ZARJPY;N/A;The product is a Rolling FX Spot contract. Underlying Asset: ZARJPY. Currency of Underlying Instrument: JPY. Price Multiplier: 1. Price Notation: Monetary Value. Quantity Notation: Number of Units/Notional. Delivery Type: CASH;JFTXFC;JPY
GBPAUD;N/A;The product is a Rolling FX Spot contract. Underlying Asset: GBPAUD. Currency of Underlying Instrument: AUD. Price Multiplier: 1. Price Notation: Monetary Value. Quantity Notation: Number of Units/Notional. Delivery Type: CASH;JFTXFC;AUD
USDMXN;N/A;The product is a Rolling FX Spot contract. Underlying Asset: USDMXN. Currency of Underlying Instrument: MXN. Price Multiplier: 1. Price Notation: Monetary Value. Quantity Notation: Number of Units/Notional. Delivery Type: CASH;JFTXFC;MXN
USDTRY_20191022;N/A;The product is an FX Forward. Underlying Asset: USDTRY. Currency of Underlying Instrument: TRY. Price Multiplier: 1. Price Notation: Monetary Value. Quantity Notation: Number of Units/Notional. Delivery Type: PHYSICAL. Delivery Date: 20191022;JFRXFC;TRY
EURRUB;N/A;The product is a Rolling FX Spot contract. Underlying Asset: EURRUB. Currency of Underlying Instrument: RUB. Price Multiplier: 1. Price Notation: Monetary Value. Quantity Notation: Number of Units/Notional. Delivery Type: CASH;JFTXFC;RUB
CHFPLN;N/A;The product is a Rolling FX Spot contract. Underlying Asset: CHFPLN. Currency of Underlying Instrument: PLN. Price Multiplier: 1. Price Notation: Monetary Value. Quantity Notation: Number of Units/Notional. Delivery Type: CASH;JFTXFC;PLN
AUDCAD;N/A;The product is a Rolling FX Spot contract. Underlying Asset: AUDCAD. Currency of Underlying Instrument: CAD. Price Multiplier: 1. Price Notation: Monetary Value. Quantity Notation: Number of Units/Notional. Delivery Type: CASH;JFTXFC;CAD
CADEUR;N/A;The product is a Rolling FX Spot contract. Underlying Asset: CADEUR. Currency of Underlying Instrument: EUR. Price Multiplier: 1. Price Notation: Monetary Value. Quantity Notation: Number of Units/Notional. Delivery Type: CASH;JFTXFC;EUR
USDHUF;N/A;The product is a Rolling FX Spot contract. Underlying Asset: USDHUF. Currency of Underlying Instrument: HUF. Price Multiplier: 1. Price Notation: Monetary Value. Quantity Notation: Number of Units/Notional. Delivery Type: CASH;JFTXFC;HUF
USDZAR;N/A;The product is a Rolling FX Spot contract. Underlying Asset: USDZAR. Currency of Underlying Instrument: ZAR. Price Multiplier: 1. Price Notation: Monetary Value. Quantity Notation: Number of Units/Notional. Delivery Type: CASH;JFTXFC;ZAR
CADMXN;N/A;The product is a Rolling FX Spot contract. Underlying Asset: CADMXN. Currency of Underlying Instrument: MXN. Price Multiplier: 1. Price Notation: Monetary Value. Quantity Notation: Number of Units/Notional. Delivery Type: CASH;JFTXFC;MXN
AUDJPY_20190507;N/A;The product is an FX Forward. Underlying Asset: AUDJPY. Currency of Underlying Instrument: JPY. Price Multiplier: 1. Price Notation: Monetary Value. Quantity Notation: Number of Units/Notional. Delivery Type: PHYSICAL. Delivery Date: 20190507;JFRXFC;JPY
GBPNZD;N/A;The product is a Rolling FX Spot contract. Underlying Asset: GBPNZD. Currency of Underlying Instrument: NZD. Price Multiplier: 1. Price Notation: Monetary Value. Quantity Notation: Number of Units/Notional. Delivery Type: CASH;JFTXFC;NZD
SGDJPY;N/A;The product is a Rolling FX Spot contract. Underlying Asset: SGDJPY. Currency of Underlying Instrument: JPY. Price Multiplier: 1. Price Notation: Monetary Value. Quantity Notation: Number of Units/Notional. Delivery Type: CASH;JFTXFC;JPY
USDRUB;N/A;The product is a Rolling FX Spot contract. Underlying Asset: USDRUB. Currency of Underlying Instrument: RUB. Price Multiplier: 1. Price Notation: Monetary Value. Quantity Notation: Number of Units/Notional. Delivery Type: CASH;JFTXFC;RUB
NZDSGD;N/A;The product is a Rolling FX Spot contract. Underlying Asset: NZDSGD. Currency of Underlying Instrument: SGD. Price Multiplier: 1. Price Notation: Monetary Value. Quantity Notation: Number of Units/Notional. Delivery Type: CASH;JFTXFC;SGD
CZKPLN;N/A;The product is a Rolling FX Spot contract. Underlying Asset: CZKPLN. Currency of Underlying Instrument: PLN. Price Multiplier: 1. Price Notation: Monetary Value. Quantity Notation: Number of Units/Notional. Delivery Type: CASH;JFTXFC;PLN
USDAUD;N/A;The product is a Rolling FX Spot contract. Underlying Asset: USDAUD. Currency of Underlying Instrument: AUD. Price Multiplier: 1. Price Notation: Monetary Value. Quantity Notation: Number of Units/Notional. Delivery Type: CASH;JFTXFC;AUD
EURUSD_20190508;N/A;The product is an FX Forward. Underlying Asset: EURUSD. Currency of Underlying Instrument: USD. Price Multiplier: 1. Price Notation: Monetary Value. Quantity Notation: Number of Units/Notional. Delivery Type: PHYSICAL. Delivery Date: 20190508;JFRXFC;USD
CADUSD;N/A;The product is a Rolling FX Spot contract. Underlying Asset: CADUSD. Currency of Underlying Instrument: USD. Price Multiplier: 1. Price Notation: Monetary Value. Quantity Notation: Number of Units/Notional. Delivery Type: CASH;JFTXFC;USD
USDNOK;N/A;The product is a Rolling FX Spot contract. Underlying Asset: USDNOK. Currency of Underlying Instrument: NOK. Price Multiplier: 1. Price Notation: Monetary Value. Quantity Notation: Number of Units/Notional. Delivery Type: CASH;JFTXFC;NOK
SINGAPOREAPR19;N/A;The product is a contract for difference (CFD). Underlying Asset: SINGAPOREAPR19. Currency of Underlying Instrument: SGD. Price Multiplier: 1. Price Notation: Monetary Value. Quantity Notation: Notional. Delivery Type: CASH;JEFXCC;SGD
USDILS;N/A;The product is a Rolling FX Spot contract. Underlying Asset: USDILS. Currency of Underlying Instrument: ILS. Price Multiplier: 1. Price Notation: Monetary Value. Quantity Notation: Number of Units/Notional. Delivery Type: CASH;JFTXFC;ILS
EURNZD;N/A;The product is a Rolling FX Spot contract. Underlying Asset: EURNZD. Currency of Underlying Instrument: NZD. Price Multiplier: 1. Price Notation: Monetary Value. Quantity Notation: Number of Units/Notional. Delivery Type: CASH;JFTXFC;NZD
AUDSGD;N/A;The product is a Rolling FX Spot contract. Underlying Asset: AUDSGD. Currency of Underlying Instrument: SGD. Price Multiplier: 1. Price Notation: Monetary Value. Quantity Notation: Number of Units/Notional. Delivery Type: CASH;JFTXFC;SGD
NZDCAD;N/A;The product is a Rolling FX Spot contract. Underlying Asset: NZDCAD. Currency of Underlying Instrument: CAD. Price Multiplier: 1. Price Notation: Monetary Value. Quantity Notation: Number of Units/Notional. Delivery Type: CASH;JFTXFC;CAD
CNHJPY;N/A;The product is a Rolling FX Spot contract. Underlying Asset: CNHJPY. Currency of Underlying Instrument: JPY. Price Multiplier: 1. Price Notation: Monetary Value. Quantity Notation: Number of Units/Notional. Delivery Type: CASH;JFTXFC;JPY
EURZAR;N/A;The product is a Rolling FX Spot contract. Underlying Asset: EURZAR. Currency of Underlying Instrument: ZAR. Price Multiplier: 1. Price Notation: Monetary Value. Quantity Notation: Number of Units/Notional. Delivery Type: CASH;JFTXFC;ZAR
EURTRY;N/A;The product is a Rolling FX Spot contract. Underlying Asset: EURTRY. Currency of Underlying Instrument: TRY. Price Multiplier: 1. Price Notation: Monetary Value. Quantity Notation: Number of Units/Notional. Delivery Type: CASH;JFTXFC;TRY
GBPCHF;N/A;The product is a Rolling FX Spot contract. Underlying Asset: GBPCHF. Currency of Underlying Instrument: CHF. Price Multiplier: 1. Price Notation: Monetary Value. Quantity Notation: Number of Units/Notional. Delivery Type: CASH;JFTXFC;CHF
GBPPLN;N/A;The product is a Rolling FX Spot contract. Underlying Asset: GBPPLN. Currency of Underlying Instrument: PLN. Price Multiplier: 1. Price Notation: Monetary Value. Quantity Notation: Number of Units/Notional. Delivery Type: CASH;JFTXFC;PLN
GBPMXN;N/A;The product is a Rolling FX Spot contract. Underlying Asset: GBPMXN. Currency of Underlying Instrument: MXN. Price Multiplier: 1. Price Notation: Monetary Value. Quantity Notation: Number of Units/Notional. Delivery Type: CASH;JFTXFC;MXN
GBPSGD;N/A;The product is a Rolling FX Spot contract. Underlying Asset: GBPSGD. Currency of Underlying Instrument: SGD. Price Multiplier: 1. Price Notation: Monetary Value. Quantity Notation: Number of Units/Notional. Delivery Type: CASH;JFTXFC;SGD
NZDCHF;N/A;The product is a Rolling FX Spot contract. Underlying Asset: NZDCHF. Currency of Underlying Instrument: CHF. Price Multiplier: 1. Price Notation: Monetary Value. Quantity Notation: Number of Units/Notional. Delivery Type: CASH;JFTXFC;CHF
CADNOK;N/A;The product is a Rolling FX Spot contract. Underlying Asset: CADNOK. Currency of Underlying Instrument: NOK. Price Multiplier: 1. Price Notation: Monetary Value. Quantity Notation: Number of Units/Notional. Delivery Type: CASH;JFTXFC;NOK
EURUSD_20190425;N/A;The product is an FX Forward. Underlying Asset: EURUSD. Currency of Underlying Instrument: USD. Price Multiplier: 1. Price Notation: Monetary Value. Quantity Notation: Number of Units/Notional. Delivery Type: PHYSICAL. Delivery Date: 20190425;JFRXFC;USD
INDIA50APR19;N/A;The product is a contract for difference (CFD). Underlying Asset: INDIA50APR19. Currency of Underlying Instrument: USD. Price Multiplier: 1. Price Notation: Monetary Value. Quantity Notation: Notional. Delivery Type: CASH;JEFXCC;USD
GBPTRY;N/A;The product is a Rolling FX Spot contract. Underlying Asset: GBPTRY. Currency of Underlying Instrument: TRY. Price Multiplier: 1. Price Notation: Monetary Value. Quantity Notation: Number of Units/Notional. Delivery Type: CASH;JFTXFC;TRY
NOKSEK;N/A;The product is a Rolling FX Spot contract. Underlying Asset: NOKSEK. Currency of Underlying Instrument: SEK. Price Multiplier: 1. Price Notation: Monetary Value. Quantity Notation: Number of Units/Notional. Delivery Type: CASH;JFTXFC;SEK
DKKSGD;N/A;The product is a Rolling FX Spot contract. Underlying Asset: DKKSGD. Currency of Underlying Instrument: SGD. Price Multiplier: 1. Price Notation: Monetary Value. Quantity Notation: Number of Units/Notional. Delivery Type: CASH;JFTXFC;SGD
EURUSD_20190502;N/A;The product is an FX Forward. Underlying Asset: EURUSD. Currency of Underlying Instrument: USD. Price Multiplier: 1. Price Notation: Monetary Value. Quantity Notation: Number of Units/Notional. Delivery Type: PHYSICAL. Delivery Date: 20190502;JFRXFC;USD
NZDGBP;N/A;The product is a Rolling FX Spot contract. Underlying Asset: NZDGBP. Currency of Underlying Instrument: GBP. Price Multiplier: 1. Price Notation: Monetary Value. Quantity Notation: Number of Units/Notional. Delivery Type: CASH;JFTXFC;GBP
EURMXN;N/A;The product is a Rolling FX Spot contract. Underlying Asset: EURMXN. Currency of Underlying Instrument: MXN. Price Multiplier: 1. Price Notation: Monetary Value. Quantity Notation: Number of Units/Notional. Delivery Type: CASH;JFTXFC;MXN
AUDGBP;N/A;The product is a Rolling FX Spot contract. Underlying Asset: AUDGBP. Currency of Underlying Instrument: GBP. Price Multiplier: 1. Price Notation: Monetary Value. Quantity Notation: Number of Units/Notional. Delivery Type: CASH;JFTXFC;GBP
NZDEUR;N/A;The product is a Rolling FX Spot contract. Underlying Asset: NZDEUR. Currency of Underlying Instrument: EUR. Price Multiplier: 1. Price Notation: Monetary Value. Quantity Notation: Number of Units/Notional. Delivery Type: CASH;JFTXFC;EUR
MXNJPY;N/A;The product is a Rolling FX Spot contract. Underlying Asset: MXNJPY. Currency of Underlying Instrument: JPY. Price Multiplier: 1. Price Notation: Monetary Value. Quantity Notation: Number of Units/Notional. Delivery Type: CASH;JFTXFC;JPY
CHFUSD_20190502;N/A;The product is an FX Forward. Underlying Asset: CHFUSD. Currency of Underlying Instrument: USD. Price Multiplier: 1. Price Notation: Monetary Value. Quantity Notation: Number of Units/Notional. Delivery Type: PHYSICAL. Delivery Date: 20190502;JFRXFC;USD
EURUSD_26APR2019NY_PUT_1.1175_VANILLA_PHYSICAL;N/A;The product is a vanilla FX Option. Underlying Asset: EURUSD. Currency of Underlying Instrument: USD. Price Multiplier: 1. Price Notation: Monetary Value. Quantity Notation: Notional. Delivery Type: PHYSICAL. Expiry Date: 26APR2019. Option Type: PUT. Strike Price: 1.1175. Option Cut Time: NY;HFMDVP;USD
EURUSD_03JUN2019NY_1.12_BARRIER_CASH;N/A;The product is a FX Barrier Option. Underlying Asset: EURUSD. Currency of Underlying Instrument: USD. Price Multiplier: 1. Price Notation: Monetary Value. Quantity Notation: Monetary Value. Delivery Type: CASH. Expiry Date: 03JUN2019. Barrier Price: 1.12. Option Cut Time: NY;HFMHGC;USD
EURUSD_31MAR2020NY_CALL_1.157_VANILLA_PHYSICAL;N/A;The product is a vanilla FX Option. Underlying Asset: EURUSD. Currency of Underlying Instrument: USD. Price Multiplier: 1. Price Notation: Monetary Value. Quantity Notation: Notional. Delivery Type: PHYSICAL. Expiry Date: 31MAR2020. Option Type: CALL. Strike Price: 1.157. Option Cut Time: NY;HFMAVP;USD
EURUSD_31MAR2020NY_PUT_1.157_VANILLA_CASH;N/A;The product is a vanilla FX Option. Underlying Asset: EURUSD. Currency of Underlying Instrument: USD. Price Multiplier: 1. Price Notation: Monetary Value. Quantity Notation: Notional. Delivery Type: CASH. Expiry Date: 31MAR2020. Option Type: PUT. Strike Price: 1.157. Option Cut Time: NY;HFMDVC;USD
EURUSD_31MAR2020NY_CALL_1.157_VANILLA_CASH;N/A;The product is a vanilla FX Option. Underlying Asset: EURUSD. Currency of Underlying Instrument: USD. Price Multiplier: 1. Price Notation: Monetary Value. Quantity Notation: Notional. Delivery Type: CASH. Expiry Date: 31MAR2020. Option Type: CALL. Strike Price: 1.157. Option Cut Time: NY;HFMAVC;USD
EURUSD_29MAY2019NY_PUT_1.12_VANILLA_PHYSICAL;N/A;The product is a vanilla FX Option. Underlying Asset: EURUSD. Currency of Underlying Instrument: USD. Price Multiplier: 1. Price Notation: Monetary Value. Quantity Notation: Notional. Delivery Type: PHYSICAL. Expiry Date: 29MAY2019. Option Type: PUT. Strike Price: 1.12. Option Cut Time: NY;HFMDVP;USD
EURUSD_29MAY2019NY_PUT_1.11_VANILLA_PHYSICAL;N/A;The product is a vanilla FX Option. Underlying Asset: EURUSD. Currency of Underlying Instrument: USD. Price Multiplier: 1. Price Notation: Monetary Value. Quantity Notation: Notional. Delivery Type: PHYSICAL. Expiry Date: 29MAY2019. Option Type: PUT. Strike Price: 1.11. Option Cut Time: NY;HFMDVP;USD
EURUSD_01MAY2019NY_CALL_1.12_VANILLA_PHYSICAL;N/A;The product is a vanilla FX Option. Underlying Asset: EURUSD. Currency of Underlying Instrument: USD. Price Multiplier: 1. Price Notation: Monetary Value. Quantity Notation: Notional. Delivery Type: PHYSICAL. Expiry Date: 01MAY2019. Option Type: CALL. Strike Price: 1.12. Option Cut Time: NY;HFMAVP;USD
EURUSD_20APR2020NY_PUT_1.1_VANILLA_PHYSICAL;N/A;The product is a vanilla FX Option. Underlying Asset: EURUSD. Currency of Underlying Instrument: USD. Price Multiplier: 1. Price Notation: Monetary Value. Quantity Notation: Notional. Delivery Type: PHYSICAL. Expiry Date: 20APR2020. Option Type: PUT. Strike Price: 1.1. Option Cut Time: NY;HFMDVP;USD
EURUSD_12JUN2019NY_PUT_1.11_VANILLA_PHYSICAL;N/A;The product is a vanilla FX Option. Underlying Asset: EURUSD. Currency of Underlying Instrument: USD. Price Multiplier: 1. Price Notation: Monetary Value. Quantity Notation: Notional. Delivery Type: PHYSICAL. Expiry Date: 12JUN2019. Option Type: PUT. Strike Price: 1.11. Option Cut Time: NY;HFMDVP;USD
EURUSD_20MAY2019NY_CALL_1.133_VANILLA_PHYSICAL;N/A;The product is a vanilla FX Option. Underlying Asset: EURUSD. Currency of Underlying Instrument: USD. Price Multiplier: 1. Price Notation: Monetary Value. Quantity Notation: Notional. Delivery Type: PHYSICAL. Expiry Date: 20MAY2019. Option Type: CALL. Strike Price: 1.133. Option Cut Time: NY;HFMAVP;USD
EURUSD_20APR2020NY_CALL_1.16_VANILLA_PHYSICAL;N/A;The product is a vanilla FX Option. Underlying Asset: EURUSD. Currency of Underlying Instrument: USD. Price Multiplier: 1. Price Notation: Monetary Value. Quantity Notation: Notional. Delivery Type: PHYSICAL. Expiry Date: 20APR2020. Option Type: CALL. Strike Price: 1.16. Option Cut Time: NY;HFMAVP;USD
EURUSD_08MAY2019NY_PUT_1.12_VANILLA_PHYSICAL;N/A;The product is a vanilla FX Option. Underlying Asset: EURUSD. Currency of Underlying Instrument: USD. Price Multiplier: 1. Price Notation: Monetary Value. Quantity Notation: Notional. Delivery Type: PHYSICAL. Expiry Date: 08MAY2019. Option Type: PUT. Strike Price: 1.12. Option Cut Time: NY;HFMDVP;USD
EURUSD_31JUL2019NY_CALL_1.13_VANILLA_PHYSICAL;N/A;The product is a vanilla FX Option. Underlying Asset: EURUSD. Currency of Underlying Instrument: USD. Price Multiplier: 1. Price Notation: Monetary Value. Quantity Notation: Notional. Delivery Type: PHYSICAL. Expiry Date: 31JUL2019. Option Type: CALL. Strike Price: 1.13. Option Cut Time: NY;HFMAVP;USD
EURUSD_31MAR2020NY_PUT_1.157_VANILLA_PHYSICAL;N/A;The product is a vanilla FX Option. Underlying Asset: EURUSD. Currency of Underlying Instrument: USD. Price Multiplier: 1. Price Notation: Monetary Value. Quantity Notation: Notional. Delivery Type: PHYSICAL. Expiry Date: 31MAR2020. Option Type: PUT. Strike Price: 1.157. Option Cut Time: NY;HFMDVP;USD
EURUSD_23APR2019NY_CALL_1.128_VANILLA_CASH;N/A;The product is a vanilla FX Option. Underlying Asset: EURUSD. Currency of Underlying Instrument: USD. Price Multiplier: 1. Price Notation: Monetary Value. Quantity Notation: Notional. Delivery Type: CASH. Expiry Date: 23APR2019. Option Type: CALL. Strike Price: 1.128. Option Cut Time: NY;HFMAVC;USD
EURUSD_23APR2019NY_PUT_1.122_VANILLA_CASH;N/A;The product is a vanilla FX Option. Underlying Asset: EURUSD. Currency of Underlying Instrument: USD. Price Multiplier: 1. Price Notation: Monetary Value. Quantity Notation: Notional. Delivery Type: CASH. Expiry Date: 23APR2019. Option Type: PUT. Strike Price: 1.122. Option Cut Time: NY;HFMDVC;USD
EURUSD_23APR2019NY_PUT_1.121_VANILLA_CASH;N/A;The product is a vanilla FX Option. Underlying Asset: EURUSD. Currency of Underlying Instrument: USD. Price Multiplier: 1. Price Notation: Monetary Value. Quantity Notation: Notional. Delivery Type: CASH. Expiry Date: 23APR2019. Option Type: PUT. Strike Price: 1.121. Option Cut Time: NY;HFMDVC;USD
USDJPY_15MAY2019NY_PUT_111_VANILLA_PHYSICAL;N/A;The product is a vanilla FX Option. Underlying Asset: USDJPY. Currency of Underlying Instrument: JPY. Price Multiplier: 1. Price Notation: Monetary Value. Quantity Notation: Notional. Delivery Type: PHYSICAL. Expiry Date: 15MAY2019. Option Type: PUT. Strike Price: 111. Option Cut Time: NY;HFMDVP;JPY
USDJPY_09OCT2019NY_PUT_105_VANILLA_PHYSICAL;N/A;The product is a vanilla FX Option. Underlying Asset: USDJPY. Currency of Underlying Instrument: JPY. Price Multiplier: 1. Price Notation: Monetary Value. Quantity Notation: Notional. Delivery Type: PHYSICAL. Expiry Date: 09OCT2019. Option Type: PUT. Strike Price: 105. Option Cut Time: NY;HFMDVP;JPY
USDJPY_03MAY2019NY_PUT_111.45_VANILLA_PHYSICAL;N/A;The product is a vanilla FX Option. Underlying Asset: USDJPY. Currency of Underlying Instrument: JPY. Price Multiplier: 1. Price Notation: Monetary Value. Quantity Notation: Notional. Delivery Type: PHYSICAL. Expiry Date: 03MAY2019. Option Type: PUT. Strike Price: 111.45. Option Cut Time: NY;HFMDVP;JPY
USDJPY_15MAY2019NY_CALL_113_VANILLA_PHYSICAL;N/A;The product is a vanilla FX Option. Underlying Asset: USDJPY. Currency of Underlying Instrument: JPY. Price Multiplier: 1. Price Notation: Monetary Value. Quantity Notation: Notional. Delivery Type: PHYSICAL. Expiry Date: 15MAY2019. Option Type: CALL. Strike Price: 113. Option Cut Time: NY;HFMAVP;JPY
USDJPY_10MAY2019NY_PUT_111_VANILLA_PHYSICAL;N/A;The product is a vanilla FX Option. Underlying Asset: USDJPY. Currency of Underlying Instrument: JPY. Price Multiplier: 1. Price Notation: Monetary Value. Quantity Notation: Notional. Delivery Type: PHYSICAL. Expiry Date: 10MAY2019. Option Type: PUT. Strike Price: 111. Option Cut Time: NY;HFMDVP;JPY
USDJPY_25MAR2020NY_PUT_108.5_VANILLA_CASH;N/A;The product is a vanilla FX Option. Underlying Asset: USDJPY. Currency of Underlying Instrument: JPY. Price Multiplier: 1. Price Notation: Monetary Value. Quantity Notation: Notional. Delivery Type: CASH. Expiry Date: 25MAR2020. Option Type: PUT. Strike Price: 108.5. Option Cut Time: NY;HFMDVC;JPY
USDJPY_17DEC2019NY_PUT_108.5_VANILLA_CASH;N/A;The product is a vanilla FX Option. Underlying Asset: USDJPY. Currency of Underlying Instrument: JPY. Price Multiplier: 1. Price Notation: Monetary Value. Quantity Notation: Notional. Delivery Type: CASH. Expiry Date: 17DEC2019. Option Type: PUT. Strike Price: 108.5. Option Cut Time: NY;HFMDVC;JPY
USDJPY_12JUN2019NY_PUT_110_VANILLA_PHYSICAL;N/A;The product is a vanilla FX Option. Underlying Asset: USDJPY. Currency of Underlying Instrument: JPY. Price Multiplier: 1. Price Notation: Monetary Value. Quantity Notation: Notional. Delivery Type: PHYSICAL. Expiry Date: 12JUN2019. Option Type: PUT. Strike Price: 110. Option Cut Time: NY;HFMDVP;JPY
USDJPY_29MAY2019NY_CALL_113_VANILLA_PHYSICAL;N/A;The product is a vanilla FX Option. Underlying Asset: USDJPY. Currency of Underlying Instrument: JPY. Price Multiplier: 1. Price Notation: Monetary Value. Quantity Notation: Notional. Delivery Type: PHYSICAL. Expiry Date: 29MAY2019. Option Type: CALL. Strike Price: 113. Option Cut Time: NY;HFMAVP;JPY
AUDJPY_17MAY2019NY_PUT_78.5_VANILLA_PHYSICAL;N/A;The product is a vanilla FX Option. Underlying Asset: AUDJPY. Currency of Underlying Instrument: JPY. Price Multiplier: 1. Price Notation: Monetary Value. Quantity Notation: Notional. Delivery Type: PHYSICAL. Expiry Date: 17MAY2019. Option Type: PUT. Strike Price: 78.5. Option Cut Time: NY;HFMDVP;JPY
AUDJPY_20MAY2019NY_PUT_78.1_VANILLA_PHYSICAL;N/A;The product is a vanilla FX Option. Underlying Asset: AUDJPY. Currency of Underlying Instrument: JPY. Price Multiplier: 1. Price Notation: Monetary Value. Quantity Notation: Notional. Delivery Type: PHYSICAL. Expiry Date: 20MAY2019. Option Type: PUT. Strike Price: 78.1. Option Cut Time: NY;HFMDVP;JPY
AUDJPY_12JUN2019NY_PUT_77.5_VANILLA_PHYSICAL;N/A;The product is a vanilla FX Option. Underlying Asset: AUDJPY. Currency of Underlying Instrument: JPY. Price Multiplier: 1. Price Notation: Monetary Value. Quantity Notation: Notional. Delivery Type: PHYSICAL. Expiry Date: 12JUN2019. Option Type: PUT. Strike Price: 77.5. Option Cut Time: NY;HFMDVP;JPY
AUDJPY_05JUN2019NY_PUT_77.5_VANILLA_PHYSICAL;N/A;The product is a vanilla FX Option. Underlying Asset: AUDJPY. Currency of Underlying Instrument: JPY. Price Multiplier: 1. Price Notation: Monetary Value. Quantity Notation: Notional. Delivery Type: PHYSICAL. Expiry Date: 05JUN2019. Option Type: PUT. Strike Price: 77.5. Option Cut Time: NY;HFMDVP;JPY
AUDJPY_08MAY2019NY_PUT_80_VANILLA_PHYSICAL;N/A;The product is a vanilla FX Option. Underlying Asset: AUDJPY. Currency of Underlying Instrument: JPY. Price Multiplier: 1. Price Notation: Monetary Value. Quantity Notation: Notional. Delivery Type: PHYSICAL. Expiry Date: 08MAY2019. Option Type: PUT. Strike Price: 80. Option Cut Time: NY;HFMDVP;JPY
EURNZD_20MAY2019NY_CALL_1.716_VANILLA_PHYSICAL;N/A;The product is a vanilla FX Option. Underlying Asset: EURNZD. Currency of Underlying Instrument: NZD. Price Multiplier: 1. Price Notation: Monetary Value. Quantity Notation: Notional. Delivery Type: PHYSICAL. Expiry Date: 20MAY2019. Option Type: CALL. Strike Price: 1.716. Option Cut Time: NY;HFMAVP;NZD
EURNZD_20MAY2019NY_CALL_1.715_VANILLA_PHYSICAL;N/A;The product is a vanilla FX Option. Underlying Asset: EURNZD. Currency of Underlying Instrument: NZD. Price Multiplier: 1. Price Notation: Monetary Value. Quantity Notation: Notional. Delivery Type: PHYSICAL. Expiry Date: 20MAY2019. Option Type: CALL. Strike Price: 1.715. Option Cut Time: NY;HFMAVP;NZD
NZDUSD_17MAY2019NY_PUT_0.68_VANILLA_PHYSICAL;N/A;The product is a vanilla FX Option. Underlying Asset: NZDUSD. Currency of Underlying Instrument: USD. Price Multiplier: 1. Price Notation: Monetary Value. Quantity Notation: Notional. Delivery Type: PHYSICAL. Expiry Date: 17MAY2019. Option Type: PUT. Strike Price: 0.68. Option Cut Time: NY;HFMDVP;USD
NZDUSD_20MAY2019NY_PUT_0.655_VANILLA_PHYSICAL;N/A;The product is a vanilla FX Option. Underlying Asset: NZDUSD. Currency of Underlying Instrument: USD. Price Multiplier: 1. Price Notation: Monetary Value. Quantity Notation: Notional. Delivery Type: PHYSICAL. Expiry Date: 20MAY2019. Option Type: PUT. Strike Price: 0.655. Option Cut Time: NY;HFMDVP;USD
NZDUSD_23APR2019NY_PUT_0.666_VANILLA_CASH;N/A;The product is a vanilla FX Option. Underlying Asset: NZDUSD. Currency of Underlying Instrument: USD. Price Multiplier: 1. Price Notation: Monetary Value. Quantity Notation: Notional. Delivery Type: CASH. Expiry Date: 23APR2019. Option Type: PUT. Strike Price: 0.666. Option Cut Time: NY;HFMDVC;USD
USDJPY_20MAY2019NY_PUT_111.5_VANILLA_PHYSICAL;N/A;The product is a vanilla FX Option. Underlying Asset: USDJPY. Currency of Underlying Instrument: JPY. Price Multiplier: 1. Price Notation: Monetary Value. Quantity Notation: Notional. Delivery Type: PHYSICAL. Expiry Date: 20MAY2019. Option Type: PUT. Strike Price: 111.5. Option Cut Time: NY;HFMDVP;JPY
USDJPY_15NOV2019NY_CALL_112_VANILLA_CASH;N/A;The product is a vanilla FX Option. Underlying Asset: USDJPY. Currency of Underlying Instrument: JPY. Price Multiplier: 1. Price Notation: Monetary Value. Quantity Notation: Notional. Delivery Type: CASH. Expiry Date: 15NOV2019. Option Type: CALL. Strike Price: 112. Option Cut Time: NY;HFMAVC;JPY
USDJPY_25APR2019NY_PUT_111.8_VANILLA_PHYSICAL;N/A;The product is a vanilla FX Option. Underlying Asset: USDJPY. Currency of Underlying Instrument: JPY. Price Multiplier: 1. Price Notation: Monetary Value. Quantity Notation: Notional. Delivery Type: PHYSICAL. Expiry Date: 25APR2019. Option Type: PUT. Strike Price: 111.8. Option Cut Time: NY;HFMDVP;JPY
USDJPY_23APR2019NY_PUT_111.6_VANILLA_CASH;N/A;The product is a vanilla FX Option. Underlying Asset: USDJPY. Currency of Underlying Instrument: JPY. Price Multiplier: 1. Price Notation: Monetary Value. Quantity Notation: Notional. Delivery Type: CASH. Expiry Date: 23APR2019. Option Type: PUT. Strike Price: 111.6. Option Cut Time: NY;HFMDVC;JPY
USDJPY_23APR2019NY_PUT_111.7_VANILLA_CASH;N/A;The product is a vanilla FX Option. Underlying Asset: USDJPY. Currency of Underlying Instrument: JPY. Price Multiplier: 1. Price Notation: Monetary Value. Quantity Notation: Notional. Delivery Type: CASH. Expiry Date: 23APR2019. Option Type: PUT. Strike Price: 111.7. Option Cut Time: NY;HFMDVC;JPY
USDJPY_17JUL2019NY_PUT_109.9_VANILLA_PHYSICAL;N/A;The product is a vanilla FX Option. Underlying Asset: USDJPY. Currency of Underlying Instrument: JPY. Price Multiplier: 1. Price Notation: Monetary Value. Quantity Notation: Notional. Delivery Type: PHYSICAL. Expiry Date: 17JUL2019. Option Type: PUT. Strike Price: 109.9. Option Cut Time: NY;HFMDVP;JPY
USDZAR_12JUN2019NY_PUT_14_VANILLA_PHYSICAL;N/A;The product is a vanilla FX Option. Underlying Asset: USDZAR. Currency of Underlying Instrument: ZAR. Price Multiplier: 1. Price Notation: Monetary Value. Quantity Notation: Notional. Delivery Type: PHYSICAL. Expiry Date: 12JUN2019. Option Type: PUT. Strike Price: 14. Option Cut Time: NY;HFMDVP;ZAR
AUDNZD_20MAY2019NY_PUT_1.0525_VANILLA_PHYSICAL;N/A;The product is a vanilla FX Option. Underlying Asset: AUDNZD. Currency of Underlying Instrument: NZD. Price Multiplier: 1. Price Notation: Monetary Value. Quantity Notation: Notional. Delivery Type: PHYSICAL. Expiry Date: 20MAY2019. Option Type: PUT. Strike Price: 1.0525. Option Cut Time: NY;HFMDVP;NZD
AUDNZD_20MAY2019NY_CALL_1.0875_VANILLA_PHYSICAL;N/A;The product is a vanilla FX Option. Underlying Asset: AUDNZD. Currency of Underlying Instrument: NZD. Price Multiplier: 1. Price Notation: Monetary Value. Quantity Notation: Notional. Delivery Type: PHYSICAL. Expiry Date: 20MAY2019. Option Type: CALL. Strike Price: 1.0875. Option Cut Time: NY;HFMAVP;NZD
AUDNZD_20MAY2019NY_CALL_1.088_VANILLA_PHYSICAL;N/A;The product is a vanilla FX Option. Underlying Asset: AUDNZD. Currency of Underlying Instrument: NZD. Price Multiplier: 1. Price Notation: Monetary Value. Quantity Notation: Notional. Delivery Type: PHYSICAL. Expiry Date: 20MAY2019. Option Type: CALL. Strike Price: 1.088. Option Cut Time: NY;HFMAVP;NZD
AUDNZD_21MAY2019NY_CALL_1.075_VANILLA_PHYSICAL;N/A;The product is a vanilla FX Option. Underlying Asset: AUDNZD. Currency of Underlying Instrument: NZD. Price Multiplier: 1. Price Notation: Monetary Value. Quantity Notation: Notional. Delivery Type: PHYSICAL. Expiry Date: 21MAY2019. Option Type: CALL. Strike Price: 1.075. Option Cut Time: NY;HFMAVP;NZD
AUDNZD_23MAY2019NY_CALL_1.08_VANILLA_PHYSICAL;N/A;The product is a vanilla FX Option. Underlying Asset: AUDNZD. Currency of Underlying Instrument: NZD. Price Multiplier: 1. Price Notation: Monetary Value. Quantity Notation: Notional. Delivery Type: PHYSICAL. Expiry Date: 23MAY2019. Option Type: CALL. Strike Price: 1.08. Option Cut Time: NY;HFMAVP;NZD
AUDNZD_23MAY2019NY_PUT_1.0585_VANILLA_PHYSICAL;N/A;The product is a vanilla FX Option. Underlying Asset: AUDNZD. Currency of Underlying Instrument: NZD. Price Multiplier: 1. Price Notation: Monetary Value. Quantity Notation: Notional. Delivery Type: PHYSICAL. Expiry Date: 23MAY2019. Option Type: PUT. Strike Price: 1.0585. Option Cut Time: NY;HFMDVP;NZD
EURHUF_17MAY2019NY_PUT_318_VANILLA_PHYSICAL;N/A;The product is a vanilla FX Option. Underlying Asset: EURHUF. Currency of Underlying Instrument: HUF. Price Multiplier: 1. Price Notation: Monetary Value. Quantity Notation: Notional. Delivery Type: PHYSICAL. Expiry Date: 17MAY2019. Option Type: PUT. Strike Price: 318. Option Cut Time: NY;HFMDVP;HUF
EURHUF_22MAY2019NY_PUT_317.8_VANILLA_PHYSICAL;N/A;The product is a vanilla FX Option. Underlying Asset: EURHUF. Currency of Underlying Instrument: HUF. Price Multiplier: 1. Price Notation: Monetary Value. Quantity Notation: Notional. Delivery Type: PHYSICAL. Expiry Date: 22MAY2019. Option Type: PUT. Strike Price: 317.8. Option Cut Time: NY;HFMDVP;HUF
EURCAD_20JUN2019NY_CALL_1.53_VANILLA_PHYSICAL;N/A;The product is a vanilla FX Option. Underlying Asset: EURCAD. Currency of Underlying Instrument: CAD. Price Multiplier: 1. Price Notation: Monetary Value. Quantity Notation: Notional. Delivery Type: PHYSICAL. Expiry Date: 20JUN2019. Option Type: CALL. Strike Price: 1.53. Option Cut Time: NY;HFMAVP;CAD
USDCHF_15MAY2019NY_CALL_1.02_VANILLA_PHYSICAL;N/A;The product is a vanilla FX Option. Underlying Asset: USDCHF. Currency of Underlying Instrument: CHF. Price Multiplier: 1. Price Notation: Monetary Value. Quantity Notation: Notional. Delivery Type: PHYSICAL. Expiry Date: 15MAY2019. Option Type: CALL. Strike Price: 1.02. Option Cut Time: NY;HFMAVP;CHF
USDCHF_30MAY2019NY_PUT_1.02_VANILLA_PHYSICAL;N/A;The product is a vanilla FX Option. Underlying Asset: USDCHF. Currency of Underlying Instrument: CHF. Price Multiplier: 1. Price Notation: Monetary Value. Quantity Notation: Notional. Delivery Type: PHYSICAL. Expiry Date: 30MAY2019. Option Type: PUT. Strike Price: 1.02. Option Cut Time: NY;HFMDVP;CHF
GBPAUD_21AUG2019NY_PUT_1.8265_VANILLA_PHYSICAL;N/A;The product is a vanilla FX Option. Underlying Asset: GBPAUD. Currency of Underlying Instrument: AUD. Price Multiplier: 1. Price Notation: Monetary Value. Quantity Notation: Notional. Delivery Type: PHYSICAL. Expiry Date: 21AUG2019. Option Type: PUT. Strike Price: 1.8265. Option Cut Time: NY;HFMDVP;AUD
GBPAUD_21AUG2019NY_PUT_1.827_VANILLA_PHYSICAL;N/A;The product is a vanilla FX Option. Underlying Asset: GBPAUD. Currency of Underlying Instrument: AUD. Price Multiplier: 1. Price Notation: Monetary Value. Quantity Notation: Notional. Delivery Type: PHYSICAL. Expiry Date: 21AUG2019. Option Type: PUT. Strike Price: 1.827. Option Cut Time: NY;HFMDVP;AUD
AUDUSD_26APR2019NY_0.705_BARRIER_CASH;N/A;The product is a FX Barrier Option. Underlying Asset: AUDUSD. Currency of Underlying Instrument: USD. Price Multiplier: 1. Price Notation: Monetary Value. Quantity Notation: Monetary Value. Delivery Type: CASH. Expiry Date: 26APR2019. Barrier Price: 0.705. Option Cut Time: NY;HFMHGC;USD
AUDUSD_20MAY2019NY_CALL_0.729_VANILLA_PHYSICAL;N/A;The product is a vanilla FX Option. Underlying Asset: AUDUSD. Currency of Underlying Instrument: USD. Price Multiplier: 1. Price Notation: Monetary Value. Quantity Notation: Notional. Delivery Type: PHYSICAL. Expiry Date: 20MAY2019. Option Type: CALL. Strike Price: 0.729. Option Cut Time: NY;HFMAVP;USD
AUDUSD_20MAY2019NY_PUT_0.701_VANILLA_PHYSICAL;N/A;The product is a vanilla FX Option. Underlying Asset: AUDUSD. Currency of Underlying Instrument: USD. Price Multiplier: 1. Price Notation: Monetary Value. Quantity Notation: Notional. Delivery Type: PHYSICAL. Expiry Date: 20MAY2019. Option Type: PUT. Strike Price: 0.701. Option Cut Time: NY;HFMDVP;USD
AUDUSD_26APR2019NY_0.725_BARRIER_CASH;N/A;The product is a FX Barrier Option. Underlying Asset: AUDUSD. Currency of Underlying Instrument: USD. Price Multiplier: 1. Price Notation: Monetary Value. Quantity Notation: Monetary Value. Delivery Type: CASH. Expiry Date: 26APR2019. Barrier Price: 0.725. Option Cut Time: NY;HFMHGC;USD
AUDUSD_31MAY2019NY_CALL_0.725_VANILLA_PHYSICAL;N/A;The product is a vanilla FX Option. Underlying Asset: AUDUSD. Currency of Underlying Instrument: USD. Price Multiplier: 1. Price Notation: Monetary Value. Quantity Notation: Notional. Delivery Type: PHYSICAL. Expiry Date: 31MAY2019. Option Type: CALL. Strike Price: 0.725. Option Cut Time: NY;HFMAVP;USD
AUDUSD_23APR2019NY_PUT_0.711_VANILLA_CASH;N/A;The product is a vanilla FX Option. Underlying Asset: AUDUSD. Currency of Underlying Instrument: USD. Price Multiplier: 1. Price Notation: Monetary Value. Quantity Notation: Notional. Delivery Type: CASH. Expiry Date: 23APR2019. Option Type: PUT. Strike Price: 0.711. Option Cut Time: NY;HFMDVC;USD
AUDUSD_23APR2019NY_PUT_0.712_VANILLA_CASH;N/A;The product is a vanilla FX Option. Underlying Asset: AUDUSD. Currency of Underlying Instrument: USD. Price Multiplier: 1. Price Notation: Monetary Value. Quantity Notation: Notional. Delivery Type: CASH. Expiry Date: 23APR2019. Option Type: PUT. Strike Price: 0.712. Option Cut Time: NY;HFMDVC;USD
NZDJPY_08MAY2019NY_PUT_74.25_VANILLA_PHYSICAL;N/A;The product is a vanilla FX Option. Underlying Asset: NZDJPY. Currency of Underlying Instrument: JPY. Price Multiplier: 1. Price Notation: Monetary Value. Quantity Notation: Notional. Delivery Type: PHYSICAL. Expiry Date: 08MAY2019. Option Type: PUT. Strike Price: 74.25. Option Cut Time: NY;HFMDVP;JPY
USDMXN_23APR2019NY_CALL_18.8095_VANILLA_PHYSICAL;N/A;The product is a vanilla FX Option. Underlying Asset: USDMXN. Currency of Underlying Instrument: MXN. Price Multiplier: 1. Price Notation: Monetary Value. Quantity Notation: Notional. Delivery Type: PHYSICAL. Expiry Date: 23APR2019. Option Type: CALL. Strike Price: 18.8095. Option Cut Time: NY;HFMAVP;MXN
USDMXN_23APR2019NY_CALL_18.81_VANILLA_PHYSICAL;N/A;The product is a vanilla FX Option. Underlying Asset: USDMXN. Currency of Underlying Instrument: MXN. Price Multiplier: 1. Price Notation: Monetary Value. Quantity Notation: Notional. Delivery Type: PHYSICAL. Expiry Date: 23APR2019. Option Type: CALL. Strike Price: 18.81. Option Cut Time: NY;HFMAVP;MXN
USDMXN_24APR2019NY_CALL_18.81_VANILLA_PHYSICAL;N/A;The product is a vanilla FX Option. Underlying Asset: USDMXN. Currency of Underlying Instrument: MXN. Price Multiplier: 1. Price Notation: Monetary Value. Quantity Notation: Notional. Delivery Type: PHYSICAL. Expiry Date: 24APR2019. Option Type: CALL. Strike Price: 18.81. Option Cut Time: NY;HFMAVP;MXN
USDMXN_24APR2019NY_CALL_18.805_VANILLA_PHYSICAL;N/A;The product is a vanilla FX Option. Underlying Asset: USDMXN. Currency of Underlying Instrument: MXN. Price Multiplier: 1. Price Notation: Monetary Value. Quantity Notation: Notional. Delivery Type: PHYSICAL. Expiry Date: 24APR2019. Option Type: CALL. Strike Price: 18.805. Option Cut Time: NY;HFMAVP;MXN
USDCAD_19JUN2019NY_CALL_1.3475_VANILLA_PHYSICAL;N/A;The product is a vanilla FX Option. Underlying Asset: USDCAD. Currency of Underlying Instrument: CAD. Price Multiplier: 1. Price Notation: Monetary Value. Quantity Notation: Notional. Delivery Type: PHYSICAL. Expiry Date: 19JUN2019. Option Type: CALL. Strike Price: 1.3475. Option Cut Time: NY;HFMAVP;CAD
USDCAD_24APR2019NY_CALL_1.34_VANILLA_PHYSICAL;N/A;The product is a vanilla FX Option. Underlying Asset: USDCAD. Currency of Underlying Instrument: CAD. Price Multiplier: 1. Price Notation: Monetary Value. Quantity Notation: Notional. Delivery Type: PHYSICAL. Expiry Date: 24APR2019. Option Type: CALL. Strike Price: 1.34. Option Cut Time: NY;HFMAVP;CAD
USDCAD_24APR2019NY_PUT_1.333_VANILLA_PHYSICAL;N/A;The product is a vanilla FX Option. Underlying Asset: USDCAD. Currency of Underlying Instrument: CAD. Price Multiplier: 1. Price Notation: Monetary Value. Quantity Notation: Notional. Delivery Type: PHYSICAL. Expiry Date: 24APR2019. Option Type: PUT. Strike Price: 1.333. Option Cut Time: NY;HFMDVP;CAD
USDCAD_24APR2019NY_CALL_1.341_VANILLA_CASH;N/A;The product is a vanilla FX Option. Underlying Asset: USDCAD. Currency of Underlying Instrument: CAD. Price Multiplier: 1. Price Notation: Monetary Value. Quantity Notation: Notional. Delivery Type: CASH. Expiry Date: 24APR2019. Option Type: CALL. Strike Price: 1.341. Option Cut Time: NY;HFMAVC;CAD
EURCHF_23APR2019NY_CALL_1.138_VANILLA_CASH;N/A;The product is a vanilla FX Option. Underlying Asset: EURCHF. Currency of Underlying Instrument: CHF. Price Multiplier: 1. Price Notation: Monetary Value. Quantity Notation: Notional. Delivery Type: CASH. Expiry Date: 23APR2019. Option Type: CALL. Strike Price: 1.138. Option Cut Time: NY;HFMAVC;CHF
EURCHF_08MAY2019NY_PUT_1.1375_VANILLA_PHYSICAL;N/A;The product is a vanilla FX Option. Underlying Asset: EURCHF. Currency of Underlying Instrument: CHF. Price Multiplier: 1. Price Notation: Monetary Value. Quantity Notation: Notional. Delivery Type: PHYSICAL. Expiry Date: 08MAY2019. Option Type: PUT. Strike Price: 1.1375. Option Cut Time: NY;HFMDVP;CHF
EURCHF_09MAY2019NY_PUT_1.1375_VANILLA_PHYSICAL;N/A;The product is a vanilla FX Option. Underlying Asset: EURCHF. Currency of Underlying Instrument: CHF. Price Multiplier: 1. Price Notation: Monetary Value. Quantity Notation: Notional. Delivery Type: PHYSICAL. Expiry Date: 09MAY2019. Option Type: PUT. Strike Price: 1.1375. Option Cut Time: NY;HFMDVP;CHF
EURCHF_29APR2019NY_PUT_1.14_VANILLA_PHYSICAL;N/A;The product is a vanilla FX Option. Underlying Asset: EURCHF. Currency of Underlying Instrument: CHF. Price Multiplier: 1. Price Notation: Monetary Value. Quantity Notation: Notional. Delivery Type: PHYSICAL. Expiry Date: 29APR2019. Option Type: PUT. Strike Price: 1.14. Option Cut Time: NY;HFMDVP;CHF
EURCHF_30MAY2019NY_PUT_1.14_VANILLA_PHYSICAL;N/A;The product is a vanilla FX Option. Underlying Asset: EURCHF. Currency of Underlying Instrument: CHF. Price Multiplier: 1. Price Notation: Monetary Value. Quantity Notation: Notional. Delivery Type: PHYSICAL. Expiry Date: 30MAY2019. Option Type: PUT. Strike Price: 1.14. Option Cut Time: NY;HFMDVP;CHF
EURCHF_29APR2019NY_PUT_1.139_VANILLA_PHYSICAL;N/A;The product is a vanilla FX Option. Underlying Asset: EURCHF. Currency of Underlying Instrument: CHF. Price Multiplier: 1. Price Notation: Monetary Value. Quantity Notation: Notional. Delivery Type: PHYSICAL. Expiry Date: 29APR2019. Option Type: PUT. Strike Price: 1.139. Option Cut Time: NY;HFMDVP;CHF
EURCHF_15MAY2019NY_PUT_1.135_VANILLA_PHYSICAL;N/A;The product is a vanilla FX Option. Underlying Asset: EURCHF. Currency of Underlying Instrument: CHF. Price Multiplier: 1. Price Notation: Monetary Value. Quantity Notation: Notional. Delivery Type: PHYSICAL. Expiry Date: 15MAY2019. Option Type: PUT. Strike Price: 1.135. Option Cut Time: NY;HFMDVP;CHF
GBPUSD_24APR2019NY_CALL_1.305_VANILLA_PHYSICAL;N/A;The product is a vanilla FX Option. Underlying Asset: GBPUSD. Currency of Underlying Instrument: USD. Price Multiplier: 1. Price Notation: Monetary Value. Quantity Notation: Notional. Delivery Type: PHYSICAL. Expiry Date: 24APR2019. Option Type: CALL. Strike Price: 1.305. Option Cut Time: NY;HFMAVP;USD
GBPUSD_23APR2019NY_PUT_1.2985_VANILLA_PHYSICAL;N/A;The product is a vanilla FX Option. Underlying Asset: GBPUSD. Currency of Underlying Instrument: USD. Price Multiplier: 1. Price Notation: Monetary Value. Quantity Notation: Notional. Delivery Type: PHYSICAL. Expiry Date: 23APR2019. Option Type: PUT. Strike Price: 1.2985. Option Cut Time: NY;HFMDVP;USD
EURJPY_23APR2019NY_CALL_125.8_VANILLA_PHYSICAL;N/A;The product is a vanilla FX Option. Underlying Asset: EURJPY. Currency of Underlying Instrument: JPY. Price Multiplier: 1. Price Notation: Monetary Value. Quantity Notation: Notional. Delivery Type: PHYSICAL. Expiry Date: 23APR2019. Option Type: CALL. Strike Price: 125.8. Option Cut Time: NY;HFMAVP;JPY
EURJPY_20MAY2019NY_PUT_124.45_VANILLA_PHYSICAL;N/A;The product is a vanilla FX Option. Underlying Asset: EURJPY. Currency of Underlying Instrument: JPY. Price Multiplier: 1. Price Notation: Monetary Value. Quantity Notation: Notional. Delivery Type: PHYSICAL. Expiry Date: 20MAY2019. Option Type: PUT. Strike Price: 124.45. Option Cut Time: NY;HFMDVP;JPY
EURNOK_20MAY2019NY_CALL_9.5615_VANILLA_PHYSICAL;N/A;The product is a vanilla FX Option. Underlying Asset: EURNOK. Currency of Underlying Instrument: NOK. Price Multiplier: 1. Price Notation: Monetary Value. Quantity Notation: Notional. Delivery Type: PHYSICAL. Expiry Date: 20MAY2019. Option Type: CALL. Strike Price: 9.5615. Option Cut Time: NY;HFMAVP;NOK
EURNOK_24MAY2019NY_PUT_9.53_VANILLA_PHYSICAL;N/A;The product is a vanilla FX Option. Underlying Asset: EURNOK. Currency of Underlying Instrument: NOK. Price Multiplier: 1. Price Notation: Monetary Value. Quantity Notation: Notional. Delivery Type: PHYSICAL. Expiry Date: 24MAY2019. Option Type: PUT. Strike Price: 9.53. Option Cut Time: NY;HFMDVP;NOK

