﻿Financial Instrument;Time;Size Range;All trades executed within first two minutes after time T_Simple average executed price (excluding commissions and accrued interest);All trades executed within first two minutes after time T_Total value executed;First transaction after time T (if no transactions within first two minutes after time T_Price);First transaction after time T (if no transactions within first two minutes after time T_Time of execution);First transaction after time T (if no transactions within first two minutes after time T_Transaction size);First transaction after time T (if no transactions within first two minutes after time T_Trading System);First transaction after time T (if no transactions within first two minutes after time T_Trading Mode);First transaction after time T (if no transactions within first two minutes after time T_Trading platform);First transaction after time T (if no transactions within first two minutes after time T_best bid and offer or suitable reference price at time of execution)
AUDJPY;09:30:00;1;N/A;N/A;80.055;09:42:37.1500000;40000;Continuous Quote Driven;N/A;Electronic;80.026/80.054
AUDJPY;11:30:00;1;N/A;N/A;80.033;12:00:49.2130000;10000;Continuous Quote Driven;N/A;Electronic;80.054/80.061
AUDJPY;13:30:00;1;N/A;N/A;80.031;13:41:10.8000000;150000;Continuous Quote Driven;N/A;Electronic;80.034/80.047
AUDJPY;15:30:00;1;N/A;N/A;80.047;18:54:01.9530000;40000;Continuous Quote Driven;N/A;Electronic;80.003/80.046
EURUSD;09:30:00;1;1.12435;N/A;N/A;N/A;N/A;N/A;N/A;N/A;N/A
EURUSD;11:30:00;1;1.12453;N/A;N/A;N/A;N/A;N/A;N/A;N/A;N/A
EURUSD;13:30:00;1;1.124445;N/A;N/A;N/A;N/A;N/A;N/A;N/A;N/A
EURUSD;15:30:00;1;N/A;N/A;1.1244186;15:48:59.4170000;3500000;Continuous Quote Driven;N/A;Electronic;1.12462/1.12475
USDCHF;09:30:00;1;N/A;N/A;1.01356;09:58:25.9230000;20000;Continuous Quote Driven;N/A;Electronic;1.01358/1.01381
USDCHF;11:30:00;1;N/A;N/A;1.01374;11:57:28.0700000;225000;Continuous Quote Driven;N/A;Electronic;1.01361/1.01374
USDCHF;13:30:00;1;N/A;N/A;1.0135;14:12:50.3830000;150000;Continuous Quote Driven;N/A;Electronic;1.01373/1.01386
USDCHF;15:30:00;1;N/A;N/A;1.01459;15:57:31.2600000;30000;Continuous Quote Driven;N/A;Electronic;1.01455/1.01456
JP225.I;09:30:00;1;N/A;N/A;22193.9;11:21:45.3170000;170;Continuous Quote Driven;N/A;Electronic;22173.9/22193.9
JP225.I;11:30:00;1;N/A;N/A;22184.9;13:08:32.0970000;30;Continuous Quote Driven;N/A;Electronic;22184.9/22192.9
JP225.I;13:30:00;1;N/A;N/A;22201.4;18:10:13.5030000;1;Continuous Quote Driven;N/A;Electronic;22186.4/22201.4
JP225.I;15:30:00;1;N/A;N/A;22201.4;18:10:13.5030000;1;Continuous Quote Driven;N/A;Electronic;22186.4/22201.4
CHFJPY;09:30:00;1;110.4;N/A;N/A;N/A;N/A;N/A;N/A;N/A;N/A
CHFJPY;11:30:00;1;N/A;N/A;110.423;11:38:58.2130000;1000;Continuous Quote Driven;N/A;Electronic;110.393/110.412
CHFJPY;13:30:00;1;110.401;N/A;N/A;N/A;N/A;N/A;N/A;N/A;N/A
CHFJPY;15:30:00;1;N/A;N/A;110.271;16:10:17.5700000;6000;Continuous Quote Driven;N/A;Electronic;110.264/110.298
USDSEK;09:30:00;1;N/A;N/A;9.29396;10:32:36.0470000;40000;Continuous Quote Driven;N/A;Electronic;9.29411/9.29651
USDSEK;11:30:00;1;N/A;N/A;N/A;N/A;N/A;N/A;N/A;N/A;N/A
USDSEK;13:30:00;1;N/A;N/A;N/A;N/A;N/A;N/A;N/A;N/A;N/A
USDSEK;15:30:00;1;N/A;N/A;N/A;N/A;N/A;N/A;N/A;N/A;N/A
GBPJPY;09:30:00;1;N/A;N/A;145.514;09:36:09.6530000;10000;Continuous Quote Driven;N/A;Electronic;145.515/145.517
GBPJPY;11:30:00;1;145.554;N/A;N/A;N/A;N/A;N/A;N/A;N/A;N/A
GBPJPY;13:30:00;1;N/A;N/A;145.502;14:30:00.4730000;28000;Continuous Quote Driven;N/A;Electronic;145.498/145.539
GBPJPY;15:30:00;1;N/A;N/A;145.493;15:35:26.2870000;11000;Continuous Quote Driven;N/A;Electronic;145.492/145.506
NZDUSD;09:30:00;1;N/A;N/A;0.66842;09:44:09.8730000;300000;Continuous Quote Driven;N/A;Electronic;0.66846/0.66862
NZDUSD;11:30:00;1;N/A;N/A;0.66885;11:58:59.8930000;100000;Continuous Quote Driven;N/A;Electronic;0.66898/0.66912
NZDUSD;13:30:00;1;N/A;N/A;0.6689;15:48:02.6870000;90000;Continuous Quote Driven;N/A;Electronic;0.6685/0.66887
NZDUSD;15:30:00;1;N/A;N/A;0.6689;15:48:02.6870000;90000;Continuous Quote Driven;N/A;Electronic;0.6685/0.66887
USDCAD;09:30:00;1;1.33724;N/A;N/A;N/A;N/A;N/A;N/A;N/A;N/A
USDCAD;11:30:00;1;1.3371;N/A;N/A;N/A;N/A;N/A;N/A;N/A;N/A
USDCAD;13:30:00;1;N/A;N/A;1.33798;14:13:59.1570000;1000;Continuous Quote Driven;N/A;Electronic;1.33745/1.3379
USDCAD;15:30:00;1;1.3390325;N/A;N/A;N/A;N/A;N/A;N/A;N/A;N/A
EURCHF;09:30:00;1;N/A;N/A;1.13987;10:15:48.9900000;50000;Continuous Quote Driven;N/A;Electronic;1.13988/1.14008
EURCHF;11:30:00;1;N/A;N/A;1.13975;12:39:40.9900000;100000;Continuous Quote Driven;N/A;Electronic;1.13962/1.13977
EURCHF;13:30:00;1;N/A;N/A;1.14078;15:57:31.2430000;1000;Continuous Quote Driven;N/A;Electronic;1.14067/1.14086
EURCHF;15:30:00;1;N/A;N/A;1.14078;15:57:31.2430000;1000;Continuous Quote Driven;N/A;Electronic;1.14067/1.14086
USDTRY;09:30:00;1;N/A;N/A;5.79506;09:34:04.8400000;10000;Continuous Quote Driven;N/A;Electronic;5.79268/5.79496
USDTRY;11:30:00;1;N/A;N/A;5.80255;11:35:00.3730000;40000;Continuous Quote Driven;N/A;Electronic;5.79965/5.80355
USDTRY;13:30:00;1;N/A;N/A;5.81301;14:33:29.5330000;10000;Continuous Quote Driven;N/A;Electronic;5.808/5.81287
USDTRY;15:30:00;1;N/A;N/A;5.81375;18:17:50.7800000;50000;Continuous Quote Driven;N/A;Electronic;5.80539/5.8137
EURSEK;09:30:00;1;N/A;N/A;10.45126;10:46:59.6730000;100000;Continuous Quote Driven;N/A;Electronic;10.45136/10.45367
EURSEK;11:30:00;1;N/A;N/A;10.45259;11:59:12.5600000;500000;Continuous Quote Driven;N/A;Electronic;10.4532/10.45497
EURSEK;13:30:00;1;N/A;N/A;10.45144;13:43:48.1400000;150000;Continuous Quote Driven;N/A;Electronic;10.45154/10.45653
EURSEK;15:30:00;1;N/A;N/A;N/A;N/A;N/A;N/A;N/A;N/A;N/A
GBPUSD;09:30:00;1;1.30006;N/A;N/A;N/A;N/A;N/A;N/A;N/A;N/A
GBPUSD;11:30:00;1;N/A;N/A;1.30093;11:39:02.1130000;10000;Continuous Quote Driven;N/A;Electronic;1.30016/1.30093
GBPUSD;13:30:00;1;N/A;N/A;1.29951;13:35:48.0070000;300000;Continuous Quote Driven;N/A;Electronic;1.29953/1.29984
GBPUSD;15:30:00;1;N/A;N/A;1.30032;15:34:59.7370000;60000;Continuous Quote Driven;N/A;Electronic;1.30001/1.30028
USDJPY;09:30:00;1;N/A;N/A;111.934;09:34:27.4900000;500000;Continuous Quote Driven;N/A;Electronic;111.924/111.93
USDJPY;11:30:00;1;N/A;N/A;111.927;11:38:13.2170000;150000;Continuous Quote Driven;N/A;Electronic;111.92/111.927
USDJPY;13:30:00;1;N/A;N/A;111.941;13:47:35.1470000;100000;Continuous Quote Driven;N/A;Electronic;111.928/111.938
USDJPY;15:30:00;1;N/A;N/A;111.915;15:37:52.9930000;20000;Continuous Quote Driven;N/A;Electronic;111.915/111.925
USDSGD;09:30:00;1;N/A;N/A;N/A;N/A;N/A;N/A;N/A;N/A;N/A
USDSGD;11:30:00;1;N/A;N/A;N/A;N/A;N/A;N/A;N/A;N/A;N/A
USDSGD;13:30:00;1;N/A;N/A;N/A;N/A;N/A;N/A;N/A;N/A;N/A
USDSGD;15:30:00;1;N/A;N/A;N/A;N/A;N/A;N/A;N/A;N/A;N/A
AUDUSD;09:30:00;1;N/A;N/A;0.71509;09:47:44.3200000;100000;Continuous Quote Driven;N/A;Electronic;0.71492/0.71511
AUDUSD;11:30:00;1;N/A;N/A;0.71533;11:55:42.8770000;200000;Continuous Quote Driven;N/A;Electronic;0.71538/0.71541
AUDUSD;13:30:00;1;N/A;N/A;0.71519;13:34:58.6900000;100000;Continuous Quote Driven;N/A;Electronic;0.71501/0.71517
AUDUSD;15:30:00;1;N/A;N/A;0.71483;17:03:31.6370000;100000;Continuous Quote Driven;N/A;Electronic;0.71462/0.71483
NZDJPY;09:30:00;1;N/A;N/A;74.845;09:42:25.8230000;50000;Continuous Quote Driven;N/A;Electronic;74.848/74.865
NZDJPY;11:30:00;1;N/A;N/A;74.845;11:35:11.0470000;10000;Continuous Quote Driven;N/A;Electronic;74.847/74.868
NZDJPY;13:30:00;1;N/A;N/A;74.831;19:34:32.5370000;10000;Continuous Quote Driven;N/A;Electronic;74.833/74.887
NZDJPY;15:30:00;1;N/A;N/A;74.831;19:34:32.5370000;10000;Continuous Quote Driven;N/A;Electronic;74.833/74.887
CHINA50APR19;09:30:00;1;N/A;N/A;N/A;N/A;N/A;N/A;N/A;N/A;N/A
CHINA50APR19;11:30:00;1;N/A;N/A;N/A;N/A;N/A;N/A;N/A;N/A;N/A
CHINA50APR19;13:30:00;1;N/A;N/A;N/A;N/A;N/A;N/A;N/A;N/A;N/A
CHINA50APR19;15:30:00;1;N/A;N/A;N/A;N/A;N/A;N/A;N/A;N/A;N/A
AUDCHF;09:30:00;1;N/A;N/A;N/A;N/A;N/A;N/A;N/A;N/A;N/A
AUDCHF;11:30:00;1;N/A;N/A;N/A;N/A;N/A;N/A;N/A;N/A;N/A
AUDCHF;13:30:00;1;N/A;N/A;N/A;N/A;N/A;N/A;N/A;N/A;N/A
AUDCHF;15:30:00;1;N/A;N/A;N/A;N/A;N/A;N/A;N/A;N/A;N/A
AUDNZD;09:30:00;1;N/A;N/A;1.0695;09:35:37.1630000;10000;Continuous Quote Driven;N/A;Electronic;1.06927/1.06945
AUDNZD;11:30:00;1;N/A;N/A;1.06911;11:34:07.5830000;20000;Continuous Quote Driven;N/A;Electronic;1.06913/1.06935
AUDNZD;13:30:00;1;N/A;N/A;1.06869;15:27:09.5070000;220000;Continuous Quote Driven;N/A;Electronic;1.06871/1.06916
AUDNZD;15:30:00;1;N/A;N/A;1.06916;18:54:21.0870000;500000;Continuous Quote Driven;N/A;Electronic;1.06865/1.06914
TRYJPY;09:30:00;1;N/A;N/A;19.252;09:58:45.8270000;40000;Continuous Quote Driven;N/A;Electronic;19.255/19.29
TRYJPY;11:30:00;1;N/A;N/A;19.273;12:04:09.9430000;190000;Continuous Quote Driven;N/A;Electronic;19.24/19.27
TRYJPY;13:30:00;1;N/A;N/A;19.242;13:42:00.9730000;2000000;Continuous Quote Driven;N/A;Electronic;19.245/19.28
TRYJPY;15:30:00;1;N/A;N/A;19.253;15:32:12.7370000;20000;Continuous Quote Driven;N/A;Electronic;19.21/19.25
GBPCAD;09:30:00;1;N/A;N/A;1.73948;09:36:09.7970000;5000;Continuous Quote Driven;N/A;Electronic;1.73901/1.73933
GBPCAD;11:30:00;1;N/A;N/A;1.73974;14:47:25.6000000;12500;Continuous Quote Driven;N/A;Electronic;1.73997/1.74067
GBPCAD;13:30:00;1;N/A;N/A;1.73974;14:47:25.6000000;12500;Continuous Quote Driven;N/A;Electronic;1.73997/1.74067
GBPCAD;15:30:00;1;N/A;N/A;1.74077;15:33:49.6170000;25000;Continuous Quote Driven;N/A;Electronic;1.7408/1.74119
USDCNH;09:30:00;1;N/A;N/A;6.70596;10:39:33.5600000;60000;Continuous Quote Driven;N/A;Electronic;6.70536/6.70574
USDCNH;11:30:00;1;N/A;N/A;6.70585;12:45:05.1500000;140000;Continuous Quote Driven;N/A;Electronic;6.7059/6.70685
USDCNH;13:30:00;1;N/A;N/A;6.7064;13:36:04.4130000;300000;Continuous Quote Driven;N/A;Electronic;6.70564/6.70616
USDCNH;15:30:00;1;N/A;N/A;6.70299;16:56:53.9170000;60000;Continuous Quote Driven;N/A;Electronic;6.70215/6.70277
EURGBP;09:30:00;1;N/A;N/A;0.86451;09:36:11.3730000;139800;Continuous Quote Driven;N/A;Electronic;0.86435/0.86453
EURGBP;11:30:00;1;N/A;N/A;0.86515;11:44:56.8800000;20000;Continuous Quote Driven;N/A;Electronic;0.86515/0.86526
EURGBP;13:30:00;1;N/A;N/A;0.86527;13:56:25.6600000;5000;Continuous Quote Driven;N/A;Electronic;0.86504/0.86525
EURGBP;15:30:00;1;N/A;N/A;0.86528;16:51:14.2770000;1000;Continuous Quote Driven;N/A;Electronic;0.86483/0.86527
EURCAD;09:30:00;1;N/A;N/A;1.50521;14:48:12.4930000;500000;Continuous Quote Driven;N/A;Electronic;1.50523/1.50554
EURCAD;11:30:00;1;N/A;N/A;1.50521;14:48:12.4930000;500000;Continuous Quote Driven;N/A;Electronic;1.50523/1.50554
EURCAD;13:30:00;1;N/A;N/A;1.50521;14:48:12.4930000;500000;Continuous Quote Driven;N/A;Electronic;1.50523/1.50554
EURCAD;15:30:00;1;N/A;N/A;1.50534;18:22:48.7670000;3303;Continuous Quote Driven;N/A;Electronic;1.50548/1.50596
EURAUD;09:30:00;1;N/A;N/A;1.57223;11:52:47.3400000;2071;Continuous Quote Driven;N/A;Electronic;1.57189/1.57207
EURAUD;11:30:00;1;N/A;N/A;1.57223;11:52:47.3400000;2071;Continuous Quote Driven;N/A;Electronic;1.57189/1.57207
EURAUD;13:30:00;1;N/A;N/A;1.57311;15:27:09.7500000;139000;Continuous Quote Driven;N/A;Electronic;1.5725/1.57309
EURAUD;15:30:00;1;N/A;N/A;1.57338;15:58:51.4930000;10000;Continuous Quote Driven;N/A;Electronic;1.5734/1.5737
EURHUF;09:30:00;1;N/A;N/A;319.986;13:03:03.8800000;20000;Continuous Quote Driven;N/A;Electronic;320.152/320.28
EURHUF;11:30:00;1;N/A;N/A;319.986;13:03:03.8800000;20000;Continuous Quote Driven;N/A;Electronic;320.152/320.28
EURHUF;13:30:00;1;N/A;N/A;N/A;N/A;N/A;N/A;N/A;N/A;N/A
EURHUF;15:30:00;1;N/A;N/A;N/A;N/A;N/A;N/A;N/A;N/A;N/A
EURJPY;09:30:00;1;N/A;N/A;125.857;11:21:20.1400000;10000;Continuous Quote Driven;N/A;Electronic;125.846/125.856
EURJPY;11:30:00;1;N/A;N/A;125.846;11:42:07.0730000;10000;Continuous Quote Driven;N/A;Electronic;125.847/125.858
EURJPY;13:30:00;1;N/A;N/A;125.845;13:37:20.0900000;10000;Continuous Quote Driven;N/A;Electronic;125.846/125.86
EURJPY;15:30:00;1;N/A;N/A;125.825;16:25:26.5770000;14226;Continuous Quote Driven;N/A;Electronic;125.826/125.847
EURUSD_20190624;09:30:00;1;N/A;N/A;N/A;N/A;N/A;N/A;N/A;N/A;N/A
EURUSD_20190624;11:30:00;1;N/A;N/A;N/A;N/A;N/A;N/A;N/A;N/A;N/A
EURUSD_20190624;13:30:00;1;N/A;N/A;N/A;N/A;N/A;N/A;N/A;N/A;N/A
EURUSD_20190624;15:30:00;1;N/A;N/A;N/A;N/A;N/A;N/A;N/A;N/A;N/A
USDPLN;09:30:00;1;N/A;N/A;3.80719;12:45:27.7070000;3000;Continuous Quote Driven;N/A;Electronic;3.80602/3.80704
USDPLN;11:30:00;1;N/A;N/A;3.80719;12:45:27.7070000;3000;Continuous Quote Driven;N/A;Electronic;3.80602/3.80704
USDPLN;13:30:00;1;N/A;N/A;3.80186;14:10:48.9130000;100000;Continuous Quote Driven;N/A;Electronic;3.8016/3.80244
USDPLN;15:30:00;1;N/A;N/A;N/A;N/A;N/A;N/A;N/A;N/A;N/A
CADCHF;09:30:00;1;N/A;N/A;0.7582;16:22:24.6430000;1000;Continuous Quote Driven;N/A;Electronic;0.75775/0.75795
CADCHF;11:30:00;1;N/A;N/A;0.7582;16:22:24.6430000;1000;Continuous Quote Driven;N/A;Electronic;0.75775/0.75795
CADCHF;13:30:00;1;N/A;N/A;0.7582;16:22:24.6430000;1000;Continuous Quote Driven;N/A;Electronic;0.75775/0.75795
CADCHF;15:30:00;1;N/A;N/A;0.7582;16:22:24.6430000;1000;Continuous Quote Driven;N/A;Electronic;0.75775/0.75795
EURNOK;09:30:00;1;N/A;N/A;9.55992;09:55:57.7230000;5000;Continuous Quote Driven;N/A;Electronic;9.56002/9.56157
EURNOK;11:30:00;1;N/A;N/A;9.56131;13:00:19.4400000;10000;Continuous Quote Driven;N/A;Electronic;9.5593/9.56121
EURNOK;13:30:00;1;N/A;N/A;9.5633;14:13:13.6270000;2000;Continuous Quote Driven;N/A;Electronic;9.56047/9.56212
EURNOK;15:30:00;1;N/A;N/A;9.5655;15:37:40.6930000;1000000;Continuous Quote Driven;N/A;Electronic;9.56574/9.57176
TRYDKK;09:30:00;1;N/A;N/A;1.1403;14:11:54.7270000;10000;Continuous Quote Driven;N/A;Electronic;1.14062/1.14206
TRYDKK;11:30:00;1;N/A;N/A;1.1403;14:11:54.7270000;10000;Continuous Quote Driven;N/A;Electronic;1.14062/1.14206
TRYDKK;13:30:00;1;N/A;N/A;1.1403;14:11:54.7270000;10000;Continuous Quote Driven;N/A;Electronic;1.14062/1.14206
TRYDKK;15:30:00;1;N/A;N/A;N/A;N/A;N/A;N/A;N/A;N/A;N/A
CADJPY;09:30:00;1;N/A;N/A;83.692;09:40:12.0570000;1000;Continuous Quote Driven;N/A;Electronic;83.681/83.7
CADJPY;11:30:00;1;N/A;N/A;83.691;11:35:27.3870000;50000;Continuous Quote Driven;N/A;Electronic;83.694/83.704
CADJPY;13:30:00;1;N/A;N/A;83.672;13:43:17.7930000;120000;Continuous Quote Driven;N/A;Electronic;83.676/83.694
CADJPY;15:30:00;1;N/A;N/A;83.591;15:50:43.5830000;1000;Continuous Quote Driven;N/A;Electronic;83.576/83.594
EURSGD;09:30:00;1;N/A;N/A;1.52384;11:22:49.6170000;120000;Continuous Quote Driven;N/A;Electronic;1.5239/1.52414
EURSGD;11:30:00;1;N/A;N/A;N/A;N/A;N/A;N/A;N/A;N/A;N/A
EURSGD;13:30:00;1;N/A;N/A;N/A;N/A;N/A;N/A;N/A;N/A;N/A
EURSGD;15:30:00;1;N/A;N/A;N/A;N/A;N/A;N/A;N/A;N/A;N/A
ZARJPY;09:30:00;1;N/A;N/A;7.949;12:44:15.5170000;100000;Continuous Quote Driven;N/A;Electronic;7.951/7.954
ZARJPY;11:30:00;1;N/A;N/A;7.949;12:44:15.5170000;100000;Continuous Quote Driven;N/A;Electronic;7.951/7.954
ZARJPY;13:30:00;1;N/A;N/A;7.957;13:48:11.3300000;150000;Continuous Quote Driven;N/A;Electronic;7.952/7.955
ZARJPY;15:30:00;1;N/A;N/A;N/A;N/A;N/A;N/A;N/A;N/A;N/A
GBPAUD;09:30:00;1;N/A;N/A;1.81761;11:51:51.2500000;20000;Continuous Quote Driven;N/A;Electronic;1.81764/1.818
GBPAUD;11:30:00;1;N/A;N/A;1.81761;11:51:51.2500000;20000;Continuous Quote Driven;N/A;Electronic;1.81764/1.818
GBPAUD;13:30:00;1;N/A;N/A;1.81964;15:58:59.5300000;10000;Continuous Quote Driven;N/A;Electronic;1.8191/1.81961
GBPAUD;15:30:00;1;N/A;N/A;1.81964;15:58:59.5300000;10000;Continuous Quote Driven;N/A;Electronic;1.8191/1.81961
USDMXN;09:30:00;1;N/A;N/A;18.80592;10:15:47.9870000;100000;Continuous Quote Driven;N/A;Electronic;18.80592/18.81569
USDMXN;11:30:00;1;N/A;N/A;18.82015;11:45:02.9170000;532651.54;Continuous Quote Driven;N/A;Electronic;18.81175/18.81985
USDMXN;13:30:00;1;N/A;N/A;18.78481;15:38:19.3200000;10000;Continuous Quote Driven;N/A;Electronic;18.77112/18.78367
USDMXN;15:30:00;1;N/A;N/A;18.78481;15:38:19.3200000;10000;Continuous Quote Driven;N/A;Electronic;18.77112/18.78367
USDTRY_20191022;09:30:00;1;N/A;N/A;6.43506;10:08:31.3130000;20000;Continuous Quote Driven;N/A;Electronic;6.43506/6.50971
USDTRY_20191022;11:30:00;1;N/A;N/A;N/A;N/A;N/A;N/A;N/A;N/A;N/A
USDTRY_20191022;13:30:00;1;N/A;N/A;N/A;N/A;N/A;N/A;N/A;N/A;N/A
USDTRY_20191022;15:30:00;1;N/A;N/A;N/A;N/A;N/A;N/A;N/A;N/A;N/A
EURRUB;09:30:00;1;N/A;N/A;72.07068;15:00:35.5570000;10000;Continuous Quote Driven;N/A;Electronic;72.04898/72.07068
EURRUB;11:30:00;1;N/A;N/A;72.07068;15:00:35.5570000;10000;Continuous Quote Driven;N/A;Electronic;72.04898/72.07068
EURRUB;13:30:00;1;N/A;N/A;72.07068;15:00:35.5570000;10000;Continuous Quote Driven;N/A;Electronic;72.04898/72.07068
EURRUB;15:30:00;1;N/A;N/A;72.003;17:48:30.2800000;1000;Continuous Quote Driven;N/A;Electronic;72.0067/72.05053
CHFPLN;09:30:00;1;N/A;N/A;N/A;N/A;N/A;N/A;N/A;N/A;N/A
CHFPLN;11:30:00;1;N/A;N/A;N/A;N/A;N/A;N/A;N/A;N/A;N/A
CHFPLN;13:30:00;1;N/A;N/A;N/A;N/A;N/A;N/A;N/A;N/A;N/A
CHFPLN;15:30:00;1;N/A;N/A;N/A;N/A;N/A;N/A;N/A;N/A;N/A
AUDCAD;09:30:00;1;N/A;N/A;0.957;14:34:40.5400000;1000;Continuous Quote Driven;N/A;Electronic;0.957/0.9574
AUDCAD;11:30:00;1;N/A;N/A;0.957;14:34:40.5400000;1000;Continuous Quote Driven;N/A;Electronic;0.957/0.9574
AUDCAD;13:30:00;1;N/A;N/A;0.957;14:34:40.5400000;1000;Continuous Quote Driven;N/A;Electronic;0.957/0.9574
AUDCAD;15:30:00;1;N/A;N/A;0.95695;15:58:16.9030000;360000;Continuous Quote Driven;N/A;Electronic;0.9567/0.95695
CADEUR;09:30:00;1;N/A;N/A;0.66427;15:20:17.4670000;90000;Continuous Quote Driven;N/A;Electronic;0.6640944/0.6642267
CADEUR;11:30:00;1;N/A;N/A;0.66427;15:20:17.4670000;90000;Continuous Quote Driven;N/A;Electronic;0.6640944/0.6642267
CADEUR;13:30:00;1;N/A;N/A;0.66427;15:20:17.4670000;90000;Continuous Quote Driven;N/A;Electronic;0.6640944/0.6642267
CADEUR;15:30:00;1;N/A;N/A;0.66419;19:01:21.2330000;90000;Continuous Quote Driven;N/A;Electronic;0.6642267/0.6644253
USDHUF;09:30:00;1;N/A;N/A;284.584;10:11:51.4900000;200000;Continuous Quote Driven;N/A;Electronic;284.508/284.574
USDHUF;11:30:00;1;N/A;N/A;284.513;11:50:36.1030000;2000000;Continuous Quote Driven;N/A;Electronic;284.51/284.56
USDHUF;13:30:00;1;N/A;N/A;284.598;13:57:39.8470000;1000;Continuous Quote Driven;N/A;Electronic;284.608/284.67
USDHUF;15:30:00;1;N/A;N/A;284.545;16:00:52;11220;Continuous Quote Driven;N/A;Electronic;284.555/284.75
USDZAR;09:30:00;1;N/A;N/A;14.0759;12:27:02.5130000;100000;Continuous Quote Driven;N/A;Electronic;14.07072/14.0754
USDZAR;11:30:00;1;N/A;N/A;14.0759;12:27:02.5130000;100000;Continuous Quote Driven;N/A;Electronic;14.07072/14.0754
USDZAR;13:30:00;1;N/A;N/A;14.07084;15:11:27.0230000;10000;Continuous Quote Driven;N/A;Electronic;14.07146/14.077
USDZAR;15:30:00;1;N/A;N/A;14.07131;16:47:28.9930000;10000;Continuous Quote Driven;N/A;Electronic;14.07193/14.0774
CADMXN;09:30:00;1;N/A;N/A;14.0759;11:59:28.7100000;1000;Continuous Quote Driven;N/A;Electronic;14.07641/14.0813
CADMXN;11:30:00;1;N/A;N/A;14.0759;11:59:28.7100000;1000;Continuous Quote Driven;N/A;Electronic;14.07641/14.0813
CADMXN;13:30:00;1;N/A;N/A;14.0394;15:11:03.8930000;1000;Continuous Quote Driven;N/A;Electronic;14.0326/14.0389
CADMXN;15:30:00;1;N/A;N/A;14.0301;15:32:49.2670000;1000;Continuous Quote Driven;N/A;Electronic;14.0306/14.0389
AUDJPY_20190507;09:30:00;1;N/A;N/A;79.925;13:17:17.6170000;25000;Continuous Quote Driven;N/A;Electronic;79.925/79.983
AUDJPY_20190507;11:30:00;1;N/A;N/A;79.925;13:17:17.6170000;25000;Continuous Quote Driven;N/A;Electronic;79.925/79.983
AUDJPY_20190507;13:30:00;1;N/A;N/A;N/A;N/A;N/A;N/A;N/A;N/A;N/A
AUDJPY_20190507;15:30:00;1;N/A;N/A;N/A;N/A;N/A;N/A;N/A;N/A;N/A
GBPNZD;09:30:00;1;N/A;N/A;1.94464;09:57:49.5170000;30000;Continuous Quote Driven;N/A;Electronic;1.94384/1.94459
GBPNZD;11:30:00;1;N/A;N/A;1.94376;11:42:38.3900000;50000;Continuous Quote Driven;N/A;Electronic;1.94328/1.94376
GBPNZD;13:30:00;1;N/A;N/A;N/A;N/A;N/A;N/A;N/A;N/A;N/A
GBPNZD;15:30:00;1;N/A;N/A;N/A;N/A;N/A;N/A;N/A;N/A;N/A
SGDJPY;09:30:00;1;N/A;N/A;82.576;14:50:29.9900000;10000;Continuous Quote Driven;N/A;Electronic;82.579/82.589
SGDJPY;11:30:00;1;N/A;N/A;82.576;14:50:29.9900000;10000;Continuous Quote Driven;N/A;Electronic;82.579/82.589
SGDJPY;13:30:00;1;N/A;N/A;82.576;14:50:29.9900000;10000;Continuous Quote Driven;N/A;Electronic;82.579/82.589
SGDJPY;15:30:00;1;N/A;N/A;N/A;N/A;N/A;N/A;N/A;N/A;N/A
USDRUB;09:30:00;1;N/A;N/A;63.9457;09:37:39.6170000;20000;Continuous Quote Driven;N/A;Electronic;63.9314/63.94469
USDRUB;11:30:00;1;N/A;N/A;63.9613;13:00:06.8830000;7500;Continuous Quote Driven;N/A;Electronic;63.9623/63.9746
USDRUB;13:30:00;1;N/A;N/A;64.028;13:47:44.1830000;5000;Continuous Quote Driven;N/A;Electronic;64.0106/64.0228
USDRUB;15:30:00;1;N/A;N/A;64.0517;15:45:48.9100000;5000;Continuous Quote Driven;N/A;Electronic;64.0527/64.07241
NZDSGD;09:30:00;1;N/A;N/A;0.9064;12:33:50.4770000;100000;Continuous Quote Driven;N/A;Electronic;0.90613/0.90635
NZDSGD;11:30:00;1;N/A;N/A;0.9064;12:33:50.4770000;100000;Continuous Quote Driven;N/A;Electronic;0.90613/0.90635
NZDSGD;13:30:00;1;N/A;N/A;N/A;N/A;N/A;N/A;N/A;N/A;N/A
NZDSGD;15:30:00;1;N/A;N/A;N/A;N/A;N/A;N/A;N/A;N/A;N/A
CZKPLN;09:30:00;1;N/A;N/A;0.16654;10:04:12.2300000;250000;Continuous Quote Driven;N/A;Electronic;0.166289/0.166515
CZKPLN;11:30:00;1;N/A;N/A;N/A;N/A;N/A;N/A;N/A;N/A;N/A
CZKPLN;13:30:00;1;N/A;N/A;N/A;N/A;N/A;N/A;N/A;N/A;N/A
CZKPLN;15:30:00;1;N/A;N/A;N/A;N/A;N/A;N/A;N/A;N/A;N/A
USDAUD;09:30:00;1;N/A;N/A;1.39866;09:50:27.7200000;100000;Continuous Quote Driven;N/A;Electronic;1.3981712/1.3986405
USDAUD;11:30:00;1;N/A;N/A;N/A;N/A;N/A;N/A;N/A;N/A;N/A
USDAUD;13:30:00;1;N/A;N/A;N/A;N/A;N/A;N/A;N/A;N/A;N/A
USDAUD;15:30:00;1;N/A;N/A;N/A;N/A;N/A;N/A;N/A;N/A;N/A
EURUSD_20190508;09:30:00;1;N/A;N/A;N/A;N/A;N/A;N/A;N/A;N/A;N/A
EURUSD_20190508;11:30:00;1;N/A;N/A;N/A;N/A;N/A;N/A;N/A;N/A;N/A
EURUSD_20190508;13:30:00;1;N/A;N/A;N/A;N/A;N/A;N/A;N/A;N/A;N/A
EURUSD_20190508;15:30:00;1;N/A;N/A;N/A;N/A;N/A;N/A;N/A;N/A;N/A
CADUSD;09:30:00;1;N/A;N/A;N/A;N/A;N/A;N/A;N/A;N/A;N/A
CADUSD;11:30:00;1;N/A;N/A;N/A;N/A;N/A;N/A;N/A;N/A;N/A
CADUSD;13:30:00;1;N/A;N/A;N/A;N/A;N/A;N/A;N/A;N/A;N/A
CADUSD;15:30:00;1;N/A;N/A;N/A;N/A;N/A;N/A;N/A;N/A;N/A
USDNOK;09:30:00;1;N/A;N/A;8.50453;09:41:39.3670000;500000;Continuous Quote Driven;N/A;Electronic;8.50292/8.50438
USDNOK;11:30:00;1;N/A;N/A;8.50385;13:08:49.9770000;100000;Continuous Quote Driven;N/A;Electronic;8.50175/8.5037
USDNOK;13:30:00;1;N/A;N/A;N/A;N/A;N/A;N/A;N/A;N/A;N/A
USDNOK;15:30:00;1;N/A;N/A;N/A;N/A;N/A;N/A;N/A;N/A;N/A
SINGAPOREAPR19;09:30:00;1;N/A;N/A;380.98;12:50:05.3930000;1;Continuous Quote Driven;N/A;Electronic;380.98/381.33
SINGAPOREAPR19;11:30:00;1;N/A;N/A;380.98;12:50:05.3930000;1;Continuous Quote Driven;N/A;Electronic;380.98/381.33
SINGAPOREAPR19;13:30:00;1;N/A;N/A;N/A;N/A;N/A;N/A;N/A;N/A;N/A
SINGAPOREAPR19;15:30:00;1;N/A;N/A;N/A;N/A;N/A;N/A;N/A;N/A;N/A
USDILS;09:30:00;1;N/A;N/A;3.59608;10:58:59.6000000;100000;Continuous Quote Driven;N/A;Electronic;3.5933/3.5958
USDILS;11:30:00;1;N/A;N/A;N/A;N/A;N/A;N/A;N/A;N/A;N/A
USDILS;13:30:00;1;N/A;N/A;N/A;N/A;N/A;N/A;N/A;N/A;N/A
USDILS;15:30:00;1;N/A;N/A;N/A;N/A;N/A;N/A;N/A;N/A;N/A
EURNZD;09:30:00;1;N/A;N/A;1.68098;19:24:38.6670000;1000000;Continuous Quote Driven;N/A;Electronic;1.68103/1.68164
EURNZD;11:30:00;1;N/A;N/A;1.68098;19:24:38.6670000;1000000;Continuous Quote Driven;N/A;Electronic;1.68103/1.68164
EURNZD;13:30:00;1;N/A;N/A;1.68098;19:24:38.6670000;1000000;Continuous Quote Driven;N/A;Electronic;1.68103/1.68164
EURNZD;15:30:00;1;N/A;N/A;1.68098;19:24:38.6670000;1000000;Continuous Quote Driven;N/A;Electronic;1.68103/1.68164
AUDSGD;09:30:00;1;N/A;N/A;0.9688;15:58:02.6500000;25000;Continuous Quote Driven;N/A;Electronic;0.96834/0.96874
AUDSGD;11:30:00;1;N/A;N/A;0.9688;15:58:02.6500000;25000;Continuous Quote Driven;N/A;Electronic;0.96834/0.96874
AUDSGD;13:30:00;1;N/A;N/A;0.9688;15:58:02.6500000;25000;Continuous Quote Driven;N/A;Electronic;0.96834/0.96874
AUDSGD;15:30:00;1;N/A;N/A;0.9688;15:58:02.6500000;25000;Continuous Quote Driven;N/A;Electronic;0.96834/0.96874
NZDCAD;09:30:00;1;N/A;N/A;0.89413;10:00:29.8970000;3000;Continuous Quote Driven;N/A;Electronic;0.89392/0.8944
NZDCAD;11:30:00;1;N/A;N/A;0.89538;14:34:44.1800000;1000;Continuous Quote Driven;N/A;Electronic;0.895/0.89553
NZDCAD;13:30:00;1;N/A;N/A;0.89538;14:34:44.1800000;1000;Continuous Quote Driven;N/A;Electronic;0.895/0.89553
NZDCAD;15:30:00;1;N/A;N/A;0.89539;18:02:13.9470000;3000;Continuous Quote Driven;N/A;Electronic;0.8952/0.89576
CNHJPY;09:30:00;1;N/A;N/A;N/A;N/A;N/A;N/A;N/A;N/A;N/A
CNHJPY;11:30:00;1;N/A;N/A;N/A;N/A;N/A;N/A;N/A;N/A;N/A
CNHJPY;13:30:00;1;N/A;N/A;N/A;N/A;N/A;N/A;N/A;N/A;N/A
CNHJPY;15:30:00;1;N/A;N/A;N/A;N/A;N/A;N/A;N/A;N/A;N/A
EURZAR;09:30:00;1;N/A;N/A;15.759;18:51:46.1400000;12000;Continuous Quote Driven;N/A;Electronic;15.7595/15.814
EURZAR;11:30:00;1;N/A;N/A;15.759;18:51:46.1400000;12000;Continuous Quote Driven;N/A;Electronic;15.7595/15.814
EURZAR;13:30:00;1;N/A;N/A;15.759;18:51:46.1400000;12000;Continuous Quote Driven;N/A;Electronic;15.7595/15.814
EURZAR;15:30:00;1;N/A;N/A;15.759;18:51:46.1400000;12000;Continuous Quote Driven;N/A;Electronic;15.7595/15.814
EURTRY;09:30:00;1;N/A;N/A;6.52656;10:39:21.9100000;10000;Continuous Quote Driven;N/A;Electronic;6.5199/6.52641
EURTRY;11:30:00;1;N/A;N/A;6.53012;13:07:17.7970000;20000;Continuous Quote Driven;N/A;Electronic;6.5304/6.5379
EURTRY;13:30:00;1;N/A;N/A;6.54698;13:58:03.6630000;20000;Continuous Quote Driven;N/A;Electronic;6.5398/6.5467
EURTRY;15:30:00;1;N/A;N/A;6.54695;16:08:19.5870000;50000;Continuous Quote Driven;N/A;Electronic;6.5362/6.5468
GBPCHF;09:30:00;1;N/A;N/A;1.31894;17:25:01.0530000;19000;Continuous Quote Driven;N/A;Electronic;1.31895/1.31925
GBPCHF;11:30:00;1;N/A;N/A;1.31894;17:25:01.0530000;19000;Continuous Quote Driven;N/A;Electronic;1.31895/1.31925
GBPCHF;13:30:00;1;N/A;N/A;1.31894;17:25:01.0530000;19000;Continuous Quote Driven;N/A;Electronic;1.31895/1.31925
GBPCHF;15:30:00;1;N/A;N/A;1.31894;17:25:01.0530000;19000;Continuous Quote Driven;N/A;Electronic;1.31895/1.31925
GBPPLN;09:30:00;1;N/A;N/A;N/A;N/A;N/A;N/A;N/A;N/A;N/A
GBPPLN;11:30:00;1;N/A;N/A;N/A;N/A;N/A;N/A;N/A;N/A;N/A
GBPPLN;13:30:00;1;N/A;N/A;N/A;N/A;N/A;N/A;N/A;N/A;N/A
GBPPLN;15:30:00;1;N/A;N/A;N/A;N/A;N/A;N/A;N/A;N/A;N/A
GBPMXN;09:30:00;1;N/A;N/A;24.4742;11:59:45.0470000;1000;Continuous Quote Driven;N/A;Electronic;24.47489/24.50374
GBPMXN;11:30:00;1;N/A;N/A;24.4742;11:59:45.0470000;1000;Continuous Quote Driven;N/A;Electronic;24.47489/24.50374
GBPMXN;13:30:00;1;N/A;N/A;24.4396;15:13:31.6270000;1000;Continuous Quote Driven;N/A;Electronic;24.4224/24.43884
GBPMXN;15:30:00;1;N/A;N/A;24.4293;15:32:36.6500000;1000;Continuous Quote Driven;N/A;Electronic;24.43/24.44233
GBPSGD;09:30:00;1;N/A;N/A;1.76261;11:23:10.8970000;50000;Continuous Quote Driven;N/A;Electronic;1.76215/1.76253
GBPSGD;11:30:00;1;N/A;N/A;N/A;N/A;N/A;N/A;N/A;N/A;N/A
GBPSGD;13:30:00;1;N/A;N/A;N/A;N/A;N/A;N/A;N/A;N/A;N/A
GBPSGD;15:30:00;1;N/A;N/A;N/A;N/A;N/A;N/A;N/A;N/A;N/A
NZDCHF;09:30:00;1;N/A;N/A;0.67841;17:04:17.0300000;180000;Continuous Quote Driven;N/A;Electronic;0.67841/0.67872
NZDCHF;11:30:00;1;N/A;N/A;0.67841;17:04:17.0300000;180000;Continuous Quote Driven;N/A;Electronic;0.67841/0.67872
NZDCHF;13:30:00;1;N/A;N/A;0.67841;17:04:17.0300000;180000;Continuous Quote Driven;N/A;Electronic;0.67841/0.67872
NZDCHF;15:30:00;1;N/A;N/A;0.67841;17:04:17.0300000;180000;Continuous Quote Driven;N/A;Electronic;0.67841/0.67872
CADNOK;09:30:00;1;N/A;N/A;6.3615;10:20:03.6070000;50000;Continuous Quote Driven;N/A;Electronic;6.35902/6.36131
CADNOK;11:30:00;1;N/A;N/A;N/A;N/A;N/A;N/A;N/A;N/A;N/A
CADNOK;13:30:00;1;N/A;N/A;N/A;N/A;N/A;N/A;N/A;N/A;N/A
CADNOK;15:30:00;1;N/A;N/A;N/A;N/A;N/A;N/A;N/A;N/A;N/A
EURUSD_20190425;09:30:00;1;N/A;N/A;N/A;N/A;N/A;N/A;N/A;N/A;N/A
EURUSD_20190425;11:30:00;1;N/A;N/A;N/A;N/A;N/A;N/A;N/A;N/A;N/A
EURUSD_20190425;13:30:00;1;N/A;N/A;N/A;N/A;N/A;N/A;N/A;N/A;N/A
EURUSD_20190425;15:30:00;1;N/A;N/A;N/A;N/A;N/A;N/A;N/A;N/A;N/A
INDIA50APR19;09:30:00;1;N/A;N/A;N/A;N/A;N/A;N/A;N/A;N/A;N/A
INDIA50APR19;11:30:00;1;N/A;N/A;N/A;N/A;N/A;N/A;N/A;N/A;N/A
INDIA50APR19;13:30:00;1;N/A;N/A;N/A;N/A;N/A;N/A;N/A;N/A;N/A
INDIA50APR19;15:30:00;1;N/A;N/A;N/A;N/A;N/A;N/A;N/A;N/A;N/A
GBPTRY;09:30:00;1;N/A;N/A;N/A;N/A;N/A;N/A;N/A;N/A;N/A
GBPTRY;11:30:00;1;N/A;N/A;N/A;N/A;N/A;N/A;N/A;N/A;N/A
GBPTRY;13:30:00;1;N/A;N/A;N/A;N/A;N/A;N/A;N/A;N/A;N/A
GBPTRY;15:30:00;1;N/A;N/A;N/A;N/A;N/A;N/A;N/A;N/A;N/A
NOKSEK;09:30:00;1;N/A;N/A;1.09291;14:09:26.7330000;50000;Continuous Quote Driven;N/A;Electronic;1.09316/1.09364
NOKSEK;11:30:00;1;N/A;N/A;1.09291;14:09:26.7330000;50000;Continuous Quote Driven;N/A;Electronic;1.09316/1.09364
NOKSEK;13:30:00;1;N/A;N/A;1.09291;14:09:26.7330000;50000;Continuous Quote Driven;N/A;Electronic;1.09316/1.09364
NOKSEK;15:30:00;1;N/A;N/A;N/A;N/A;N/A;N/A;N/A;N/A;N/A
DKKSGD;09:30:00;1;N/A;N/A;N/A;N/A;N/A;N/A;N/A;N/A;N/A
DKKSGD;11:30:00;1;N/A;N/A;N/A;N/A;N/A;N/A;N/A;N/A;N/A
DKKSGD;13:30:00;1;N/A;N/A;N/A;N/A;N/A;N/A;N/A;N/A;N/A
DKKSGD;15:30:00;1;N/A;N/A;N/A;N/A;N/A;N/A;N/A;N/A;N/A
EURUSD_20190502;09:30:00;1;N/A;N/A;1.12524;11:29:27.9130000;20000;Continuous Quote Driven;N/A;Electronic;1.12524/1.12545
EURUSD_20190502;11:30:00;1;N/A;N/A;1.12525;11:39:18.6600000;15000;Continuous Quote Driven;N/A;Electronic;1.12525/1.12546
EURUSD_20190502;13:30:00;1;N/A;N/A;1.12514;13:40:59.8770000;15000;Continuous Quote Driven;N/A;Electronic;1.12514/1.1254
EURUSD_20190502;15:30:00;1;N/A;N/A;N/A;N/A;N/A;N/A;N/A;N/A;N/A
NZDGBP;09:30:00;1;N/A;N/A;0.51436;16:41:52.8430000;50000;Continuous Quote Driven;N/A;Electronic;0.5143874/0.5145303
NZDGBP;11:30:00;1;N/A;N/A;0.51436;16:41:52.8430000;50000;Continuous Quote Driven;N/A;Electronic;0.5143874/0.5145303
NZDGBP;13:30:00;1;N/A;N/A;0.51436;16:41:52.8430000;50000;Continuous Quote Driven;N/A;Electronic;0.5143874/0.5145303
NZDGBP;15:30:00;1;N/A;N/A;0.51436;16:41:52.8430000;50000;Continuous Quote Driven;N/A;Electronic;0.5143874/0.5145303
EURMXN;09:30:00;1;N/A;N/A;N/A;N/A;N/A;N/A;N/A;N/A;N/A
EURMXN;11:30:00;1;N/A;N/A;N/A;N/A;N/A;N/A;N/A;N/A;N/A
EURMXN;13:30:00;1;N/A;N/A;N/A;N/A;N/A;N/A;N/A;N/A;N/A
EURMXN;15:30:00;1;N/A;N/A;N/A;N/A;N/A;N/A;N/A;N/A;N/A
AUDGBP;09:30:00;1;N/A;N/A;0.55;10:01:43.8370000;5000;Continuous Quote Driven;N/A;Electronic;0.5500248/0.5501367
AUDGBP;11:30:00;1;N/A;N/A;N/A;N/A;N/A;N/A;N/A;N/A;N/A
AUDGBP;13:30:00;1;N/A;N/A;N/A;N/A;N/A;N/A;N/A;N/A;N/A
AUDGBP;15:30:00;1;N/A;N/A;N/A;N/A;N/A;N/A;N/A;N/A;N/A
NZDEUR;09:30:00;1;N/A;N/A;N/A;N/A;N/A;N/A;N/A;N/A;N/A
NZDEUR;11:30:00;1;N/A;N/A;N/A;N/A;N/A;N/A;N/A;N/A;N/A
NZDEUR;13:30:00;1;N/A;N/A;N/A;N/A;N/A;N/A;N/A;N/A;N/A
NZDEUR;15:30:00;1;N/A;N/A;N/A;N/A;N/A;N/A;N/A;N/A;N/A
MXNJPY;09:30:00;1;N/A;N/A;5.9485;12:36:52.9870000;10000;Continuous Quote Driven;N/A;Electronic;5.94632/5.94825
MXNJPY;11:30:00;1;N/A;N/A;5.9485;12:36:52.9870000;10000;Continuous Quote Driven;N/A;Electronic;5.94632/5.94825
MXNJPY;13:30:00;1;N/A;N/A;N/A;N/A;N/A;N/A;N/A;N/A;N/A
MXNJPY;15:30:00;1;N/A;N/A;N/A;N/A;N/A;N/A;N/A;N/A;N/A
CHFUSD_20190502;09:30:00;1;N/A;N/A;0.98708;14:52:11.8200000;30000;Continuous Quote Driven;N/A;Electronic;0.98708/0.98733
CHFUSD_20190502;11:30:00;1;N/A;N/A;0.98708;14:52:11.8200000;30000;Continuous Quote Driven;N/A;Electronic;0.98708/0.98733
CHFUSD_20190502;13:30:00;1;N/A;N/A;0.98708;14:52:11.8200000;30000;Continuous Quote Driven;N/A;Electronic;0.98708/0.98733
CHFUSD_20190502;15:30:00;1;N/A;N/A;N/A;N/A;N/A;N/A;N/A;N/A;N/A
EURUSD_26APR2019NY_PUT_1.1175_VANILLA_PHYSICAL;09:30:00;1;N/A;N/A;N/A;N/A;N/A;N/A;N/A;N/A;N/A
EURUSD_26APR2019NY_PUT_1.1175_VANILLA_PHYSICAL;11:30:00;1;N/A;N/A;N/A;N/A;N/A;N/A;N/A;N/A;N/A
EURUSD_26APR2019NY_PUT_1.1175_VANILLA_PHYSICAL;13:30:00;1;N/A;N/A;N/A;N/A;N/A;N/A;N/A;N/A;N/A
EURUSD_26APR2019NY_PUT_1.1175_VANILLA_PHYSICAL;15:30:00;1;N/A;N/A;N/A;N/A;N/A;N/A;N/A;N/A;N/A
EURUSD_03JUN2019NY_1.12_BARRIER_CASH;09:30:00;1;N/A;N/A;N/A;N/A;N/A;N/A;N/A;N/A;N/A
EURUSD_03JUN2019NY_1.12_BARRIER_CASH;11:30:00;1;N/A;N/A;N/A;N/A;N/A;N/A;N/A;N/A;N/A
EURUSD_03JUN2019NY_1.12_BARRIER_CASH;13:30:00;1;N/A;N/A;N/A;N/A;N/A;N/A;N/A;N/A;N/A
EURUSD_03JUN2019NY_1.12_BARRIER_CASH;15:30:00;1;N/A;N/A;N/A;N/A;N/A;N/A;N/A;N/A;N/A
EURUSD_31MAR2020NY_CALL_1.157_VANILLA_PHYSICAL;09:30:00;1;N/A;N/A;N/A;N/A;N/A;N/A;N/A;N/A;N/A
EURUSD_31MAR2020NY_CALL_1.157_VANILLA_PHYSICAL;11:30:00;1;N/A;N/A;N/A;N/A;N/A;N/A;N/A;N/A;N/A
EURUSD_31MAR2020NY_CALL_1.157_VANILLA_PHYSICAL;13:30:00;1;N/A;N/A;N/A;N/A;N/A;N/A;N/A;N/A;N/A
EURUSD_31MAR2020NY_CALL_1.157_VANILLA_PHYSICAL;15:30:00;1;N/A;N/A;N/A;N/A;N/A;N/A;N/A;N/A;N/A
EURUSD_31MAR2020NY_PUT_1.157_VANILLA_CASH;09:30:00;1;N/A;N/A;0.02547;19:35:10.8830000;50000;Continuous Quote Driven and Request For Quote;N/A;Electronic;0.02547/0.02666
EURUSD_31MAR2020NY_PUT_1.157_VANILLA_CASH;11:30:00;1;N/A;N/A;0.02547;19:35:10.8830000;50000;Continuous Quote Driven and Request For Quote;N/A;Electronic;0.02547/0.02666
EURUSD_31MAR2020NY_PUT_1.157_VANILLA_CASH;13:30:00;1;N/A;N/A;0.02547;19:35:10.8830000;50000;Continuous Quote Driven and Request For Quote;N/A;Electronic;0.02547/0.02666
EURUSD_31MAR2020NY_PUT_1.157_VANILLA_CASH;15:30:00;1;N/A;N/A;0.02547;19:35:10.8830000;50000;Continuous Quote Driven and Request For Quote;N/A;Electronic;0.02547/0.02666
EURUSD_31MAR2020NY_CALL_1.157_VANILLA_CASH;09:30:00;1;N/A;N/A;0.02579;19:35:37.2400000;50000;Continuous Quote Driven and Request For Quote;N/A;Electronic;0.02579/0.02701
EURUSD_31MAR2020NY_CALL_1.157_VANILLA_CASH;11:30:00;1;N/A;N/A;0.02579;19:35:37.2400000;50000;Continuous Quote Driven and Request For Quote;N/A;Electronic;0.02579/0.02701
EURUSD_31MAR2020NY_CALL_1.157_VANILLA_CASH;13:30:00;1;N/A;N/A;0.02579;19:35:37.2400000;50000;Continuous Quote Driven and Request For Quote;N/A;Electronic;0.02579/0.02701
EURUSD_31MAR2020NY_CALL_1.157_VANILLA_CASH;15:30:00;1;N/A;N/A;0.02579;19:35:37.2400000;50000;Continuous Quote Driven and Request For Quote;N/A;Electronic;0.02579/0.02701
EURUSD_29MAY2019NY_PUT_1.12_VANILLA_PHYSICAL;09:30:00;1;N/A;N/A;0.00383;16:04:14.5130000;50000;Continuous Quote Driven and Request For Quote;N/A;Electronic;0.00331/0.00383
EURUSD_29MAY2019NY_PUT_1.12_VANILLA_PHYSICAL;11:30:00;1;N/A;N/A;0.00383;16:04:14.5130000;50000;Continuous Quote Driven and Request For Quote;N/A;Electronic;0.00331/0.00383
EURUSD_29MAY2019NY_PUT_1.12_VANILLA_PHYSICAL;13:30:00;1;N/A;N/A;0.00383;16:04:14.5130000;50000;Continuous Quote Driven and Request For Quote;N/A;Electronic;0.00331/0.00383
EURUSD_29MAY2019NY_PUT_1.12_VANILLA_PHYSICAL;15:30:00;1;N/A;N/A;0.00383;16:04:14.5130000;50000;Continuous Quote Driven and Request For Quote;N/A;Electronic;0.00331/0.00383
EURUSD_29MAY2019NY_PUT_1.11_VANILLA_PHYSICAL;09:30:00;1;N/A;N/A;0.0012;16:05:02.1470000;50000;Continuous Quote Driven and Request For Quote;N/A;Electronic;0.0012/0.00169
EURUSD_29MAY2019NY_PUT_1.11_VANILLA_PHYSICAL;11:30:00;1;N/A;N/A;0.0012;16:05:02.1470000;50000;Continuous Quote Driven and Request For Quote;N/A;Electronic;0.0012/0.00169
EURUSD_29MAY2019NY_PUT_1.11_VANILLA_PHYSICAL;13:30:00;1;N/A;N/A;0.0012;16:05:02.1470000;50000;Continuous Quote Driven and Request For Quote;N/A;Electronic;0.0012/0.00169
EURUSD_29MAY2019NY_PUT_1.11_VANILLA_PHYSICAL;15:30:00;1;N/A;N/A;0.0012;16:05:02.1470000;50000;Continuous Quote Driven and Request For Quote;N/A;Electronic;0.0012/0.00169
EURUSD_01MAY2019NY_CALL_1.12_VANILLA_PHYSICAL;09:30:00;1;N/A;N/A;N/A;N/A;N/A;N/A;N/A;N/A;N/A
EURUSD_01MAY2019NY_CALL_1.12_VANILLA_PHYSICAL;11:30:00;1;N/A;N/A;N/A;N/A;N/A;N/A;N/A;N/A;N/A
EURUSD_01MAY2019NY_CALL_1.12_VANILLA_PHYSICAL;13:30:00;1;N/A;N/A;N/A;N/A;N/A;N/A;N/A;N/A;N/A
EURUSD_01MAY2019NY_CALL_1.12_VANILLA_PHYSICAL;15:30:00;1;N/A;N/A;N/A;N/A;N/A;N/A;N/A;N/A;N/A
EURUSD_20APR2020NY_PUT_1.1_VANILLA_PHYSICAL;09:30:00;1;N/A;N/A;0.00899;15:59:39.0630000;10000000;Continuous Quote Driven and Request For Quote;N/A;Electronic;0.00799/0.00899
EURUSD_20APR2020NY_PUT_1.1_VANILLA_PHYSICAL;11:30:00;1;N/A;N/A;0.00899;15:59:39.0630000;10000000;Continuous Quote Driven and Request For Quote;N/A;Electronic;0.00799/0.00899
EURUSD_20APR2020NY_PUT_1.1_VANILLA_PHYSICAL;13:30:00;1;N/A;N/A;0.00899;15:59:39.0630000;10000000;Continuous Quote Driven and Request For Quote;N/A;Electronic;0.00799/0.00899
EURUSD_20APR2020NY_PUT_1.1_VANILLA_PHYSICAL;15:30:00;1;N/A;N/A;0.00899;15:59:39.0630000;10000000;Continuous Quote Driven and Request For Quote;N/A;Electronic;0.00799/0.00899
EURUSD_12JUN2019NY_PUT_1.11_VANILLA_PHYSICAL;09:30:00;1;N/A;N/A;0.00184;14:22:11.5800000;100000;Continuous Quote Driven and Request For Quote;N/A;Electronic;0.00184/0.00184
EURUSD_12JUN2019NY_PUT_1.11_VANILLA_PHYSICAL;11:30:00;1;N/A;N/A;0.00184;14:22:11.5800000;100000;Continuous Quote Driven and Request For Quote;N/A;Electronic;0.00184/0.00184
EURUSD_12JUN2019NY_PUT_1.11_VANILLA_PHYSICAL;13:30:00;1;N/A;N/A;0.00184;14:22:11.5800000;100000;Continuous Quote Driven and Request For Quote;N/A;Electronic;0.00184/0.00184
EURUSD_12JUN2019NY_PUT_1.11_VANILLA_PHYSICAL;15:30:00;1;N/A;N/A;N/A;N/A;N/A;N/A;N/A;N/A;N/A
EURUSD_20MAY2019NY_CALL_1.133_VANILLA_PHYSICAL;09:30:00;1;N/A;N/A;N/A;N/A;N/A;N/A;N/A;N/A;N/A
EURUSD_20MAY2019NY_CALL_1.133_VANILLA_PHYSICAL;11:30:00;1;N/A;N/A;N/A;N/A;N/A;N/A;N/A;N/A;N/A
EURUSD_20MAY2019NY_CALL_1.133_VANILLA_PHYSICAL;13:30:00;1;N/A;N/A;N/A;N/A;N/A;N/A;N/A;N/A;N/A
EURUSD_20MAY2019NY_CALL_1.133_VANILLA_PHYSICAL;15:30:00;1;N/A;N/A;N/A;N/A;N/A;N/A;N/A;N/A;N/A
EURUSD_20APR2020NY_CALL_1.16_VANILLA_PHYSICAL;09:30:00;1;N/A;N/A;0.0275;16:01:49.8930000;10000000;Continuous Quote Driven and Request For Quote;N/A;Electronic;0.0259/0.0275
EURUSD_20APR2020NY_CALL_1.16_VANILLA_PHYSICAL;11:30:00;1;N/A;N/A;0.0275;16:01:49.8930000;10000000;Continuous Quote Driven and Request For Quote;N/A;Electronic;0.0259/0.0275
EURUSD_20APR2020NY_CALL_1.16_VANILLA_PHYSICAL;13:30:00;1;N/A;N/A;0.0275;16:01:49.8930000;10000000;Continuous Quote Driven and Request For Quote;N/A;Electronic;0.0259/0.0275
EURUSD_20APR2020NY_CALL_1.16_VANILLA_PHYSICAL;15:30:00;1;N/A;N/A;0.0275;16:01:49.8930000;10000000;Continuous Quote Driven and Request For Quote;N/A;Electronic;0.0259/0.0275
EURUSD_08MAY2019NY_PUT_1.12_VANILLA_PHYSICAL;09:30:00;1;N/A;N/A;0.00176;14:21:48.5170000;100000;Continuous Quote Driven and Request For Quote;N/A;Electronic;0.00176/0.00176
EURUSD_08MAY2019NY_PUT_1.12_VANILLA_PHYSICAL;11:30:00;1;N/A;N/A;0.00176;14:21:48.5170000;100000;Continuous Quote Driven and Request For Quote;N/A;Electronic;0.00176/0.00176
EURUSD_08MAY2019NY_PUT_1.12_VANILLA_PHYSICAL;13:30:00;1;N/A;N/A;0.00176;14:21:48.5170000;100000;Continuous Quote Driven and Request For Quote;N/A;Electronic;0.00176/0.00176
EURUSD_08MAY2019NY_PUT_1.12_VANILLA_PHYSICAL;15:30:00;1;N/A;N/A;N/A;N/A;N/A;N/A;N/A;N/A;N/A
EURUSD_31JUL2019NY_CALL_1.13_VANILLA_PHYSICAL;09:30:00;1;N/A;N/A;0.01382;17:29:57.4130000;100000;Continuous Quote Driven and Request For Quote;N/A;Electronic;0.01382/0.01455
EURUSD_31JUL2019NY_CALL_1.13_VANILLA_PHYSICAL;11:30:00;1;N/A;N/A;0.01382;17:29:57.4130000;100000;Continuous Quote Driven and Request For Quote;N/A;Electronic;0.01382/0.01455
EURUSD_31JUL2019NY_CALL_1.13_VANILLA_PHYSICAL;13:30:00;1;N/A;N/A;0.01382;17:29:57.4130000;100000;Continuous Quote Driven and Request For Quote;N/A;Electronic;0.01382/0.01455
EURUSD_31JUL2019NY_CALL_1.13_VANILLA_PHYSICAL;15:30:00;1;N/A;N/A;0.01382;17:29:57.4130000;100000;Continuous Quote Driven and Request For Quote;N/A;Electronic;0.01382/0.01455
EURUSD_31MAR2020NY_PUT_1.157_VANILLA_PHYSICAL;09:30:00;1;N/A;N/A;N/A;N/A;N/A;N/A;N/A;N/A;N/A
EURUSD_31MAR2020NY_PUT_1.157_VANILLA_PHYSICAL;11:30:00;1;N/A;N/A;N/A;N/A;N/A;N/A;N/A;N/A;N/A
EURUSD_31MAR2020NY_PUT_1.157_VANILLA_PHYSICAL;13:30:00;1;N/A;N/A;N/A;N/A;N/A;N/A;N/A;N/A;N/A
EURUSD_31MAR2020NY_PUT_1.157_VANILLA_PHYSICAL;15:30:00;1;N/A;N/A;N/A;N/A;N/A;N/A;N/A;N/A;N/A
EURUSD_23APR2019NY_CALL_1.128_VANILLA_CASH;09:30:00;1;N/A;N/A;0.00087;14:02:58.3200000;50000;Continuous Quote Driven and Request For Quote;N/A;Electronic;5E-05/0.00087
EURUSD_23APR2019NY_CALL_1.128_VANILLA_CASH;11:30:00;1;N/A;N/A;0.00087;14:02:58.3200000;50000;Continuous Quote Driven and Request For Quote;N/A;Electronic;5E-05/0.00087
EURUSD_23APR2019NY_CALL_1.128_VANILLA_CASH;13:30:00;1;N/A;N/A;0.00087;14:02:58.3200000;50000;Continuous Quote Driven and Request For Quote;N/A;Electronic;5E-05/0.00087
EURUSD_23APR2019NY_CALL_1.128_VANILLA_CASH;15:30:00;1;N/A;N/A;N/A;N/A;N/A;N/A;N/A;N/A;N/A
EURUSD_23APR2019NY_PUT_1.122_VANILLA_CASH;09:30:00;1;N/A;N/A;0.00097;17:02:50.1000000;50000;Continuous Quote Driven and Request For Quote;N/A;Electronic;0.00017/0.00097
EURUSD_23APR2019NY_PUT_1.122_VANILLA_CASH;11:30:00;1;N/A;N/A;0.00097;17:02:50.1000000;50000;Continuous Quote Driven and Request For Quote;N/A;Electronic;0.00017/0.00097
EURUSD_23APR2019NY_PUT_1.122_VANILLA_CASH;13:30:00;1;N/A;N/A;0.00097;17:02:50.1000000;50000;Continuous Quote Driven and Request For Quote;N/A;Electronic;0.00017/0.00097
EURUSD_23APR2019NY_PUT_1.122_VANILLA_CASH;15:30:00;1;N/A;N/A;0.00097;17:02:50.1000000;50000;Continuous Quote Driven and Request For Quote;N/A;Electronic;0.00017/0.00097
EURUSD_23APR2019NY_PUT_1.121_VANILLA_CASH;09:30:00;1;N/A;N/A;0.0008;14:02:46.4870000;50000;Continuous Quote Driven and Request For Quote;N/A;Electronic;0.0008/0.0008
EURUSD_23APR2019NY_PUT_1.121_VANILLA_CASH;11:30:00;1;N/A;N/A;0.0008;14:02:46.4870000;50000;Continuous Quote Driven and Request For Quote;N/A;Electronic;0.0008/0.0008
EURUSD_23APR2019NY_PUT_1.121_VANILLA_CASH;13:30:00;1;N/A;N/A;0.0008;14:02:46.4870000;50000;Continuous Quote Driven and Request For Quote;N/A;Electronic;0.0008/0.0008
EURUSD_23APR2019NY_PUT_1.121_VANILLA_CASH;15:30:00;1;N/A;N/A;N/A;N/A;N/A;N/A;N/A;N/A;N/A
USDJPY_15MAY2019NY_PUT_111_VANILLA_PHYSICAL;09:30:00;1;N/A;N/A;N/A;N/A;N/A;N/A;N/A;N/A;N/A
USDJPY_15MAY2019NY_PUT_111_VANILLA_PHYSICAL;11:30:00;1;N/A;N/A;N/A;N/A;N/A;N/A;N/A;N/A;N/A
USDJPY_15MAY2019NY_PUT_111_VANILLA_PHYSICAL;13:30:00;1;N/A;N/A;N/A;N/A;N/A;N/A;N/A;N/A;N/A
USDJPY_15MAY2019NY_PUT_111_VANILLA_PHYSICAL;15:30:00;1;N/A;N/A;N/A;N/A;N/A;N/A;N/A;N/A;N/A
USDJPY_09OCT2019NY_PUT_105_VANILLA_PHYSICAL;09:30:00;1;N/A;N/A;N/A;N/A;N/A;N/A;N/A;N/A;N/A
USDJPY_09OCT2019NY_PUT_105_VANILLA_PHYSICAL;11:30:00;1;N/A;N/A;N/A;N/A;N/A;N/A;N/A;N/A;N/A
USDJPY_09OCT2019NY_PUT_105_VANILLA_PHYSICAL;13:30:00;1;N/A;N/A;N/A;N/A;N/A;N/A;N/A;N/A;N/A
USDJPY_09OCT2019NY_PUT_105_VANILLA_PHYSICAL;15:30:00;1;N/A;N/A;N/A;N/A;N/A;N/A;N/A;N/A;N/A
USDJPY_03MAY2019NY_PUT_111.45_VANILLA_PHYSICAL;09:30:00;1;N/A;N/A;N/A;N/A;N/A;N/A;N/A;N/A;N/A
USDJPY_03MAY2019NY_PUT_111.45_VANILLA_PHYSICAL;11:30:00;1;N/A;N/A;N/A;N/A;N/A;N/A;N/A;N/A;N/A
USDJPY_03MAY2019NY_PUT_111.45_VANILLA_PHYSICAL;13:30:00;1;N/A;N/A;N/A;N/A;N/A;N/A;N/A;N/A;N/A
USDJPY_03MAY2019NY_PUT_111.45_VANILLA_PHYSICAL;15:30:00;1;N/A;N/A;N/A;N/A;N/A;N/A;N/A;N/A;N/A
USDJPY_15MAY2019NY_CALL_113_VANILLA_PHYSICAL;09:30:00;1;N/A;N/A;N/A;N/A;N/A;N/A;N/A;N/A;N/A
USDJPY_15MAY2019NY_CALL_113_VANILLA_PHYSICAL;11:30:00;1;N/A;N/A;N/A;N/A;N/A;N/A;N/A;N/A;N/A
USDJPY_15MAY2019NY_CALL_113_VANILLA_PHYSICAL;13:30:00;1;N/A;N/A;N/A;N/A;N/A;N/A;N/A;N/A;N/A
USDJPY_15MAY2019NY_CALL_113_VANILLA_PHYSICAL;15:30:00;1;N/A;N/A;N/A;N/A;N/A;N/A;N/A;N/A;N/A
USDJPY_10MAY2019NY_PUT_111_VANILLA_PHYSICAL;09:30:00;1;N/A;N/A;N/A;N/A;N/A;N/A;N/A;N/A;N/A
USDJPY_10MAY2019NY_PUT_111_VANILLA_PHYSICAL;11:30:00;1;N/A;N/A;N/A;N/A;N/A;N/A;N/A;N/A;N/A
USDJPY_10MAY2019NY_PUT_111_VANILLA_PHYSICAL;13:30:00;1;N/A;N/A;N/A;N/A;N/A;N/A;N/A;N/A;N/A
USDJPY_10MAY2019NY_PUT_111_VANILLA_PHYSICAL;15:30:00;1;N/A;N/A;N/A;N/A;N/A;N/A;N/A;N/A;N/A
USDJPY_25MAR2020NY_PUT_108.5_VANILLA_CASH;09:30:00;1;N/A;N/A;N/A;N/A;N/A;N/A;N/A;N/A;N/A
USDJPY_25MAR2020NY_PUT_108.5_VANILLA_CASH;11:30:00;1;N/A;N/A;N/A;N/A;N/A;N/A;N/A;N/A;N/A
USDJPY_25MAR2020NY_PUT_108.5_VANILLA_CASH;13:30:00;1;N/A;N/A;N/A;N/A;N/A;N/A;N/A;N/A;N/A
USDJPY_25MAR2020NY_PUT_108.5_VANILLA_CASH;15:30:00;1;N/A;N/A;N/A;N/A;N/A;N/A;N/A;N/A;N/A
USDJPY_17DEC2019NY_PUT_108.5_VANILLA_CASH;09:30:00;1;N/A;N/A;N/A;N/A;N/A;N/A;N/A;N/A;N/A
USDJPY_17DEC2019NY_PUT_108.5_VANILLA_CASH;11:30:00;1;N/A;N/A;N/A;N/A;N/A;N/A;N/A;N/A;N/A
USDJPY_17DEC2019NY_PUT_108.5_VANILLA_CASH;13:30:00;1;N/A;N/A;N/A;N/A;N/A;N/A;N/A;N/A;N/A
USDJPY_17DEC2019NY_PUT_108.5_VANILLA_CASH;15:30:00;1;N/A;N/A;N/A;N/A;N/A;N/A;N/A;N/A;N/A
USDJPY_12JUN2019NY_PUT_110_VANILLA_PHYSICAL;09:30:00;1;N/A;N/A;N/A;N/A;N/A;N/A;N/A;N/A;N/A
USDJPY_12JUN2019NY_PUT_110_VANILLA_PHYSICAL;11:30:00;1;N/A;N/A;N/A;N/A;N/A;N/A;N/A;N/A;N/A
USDJPY_12JUN2019NY_PUT_110_VANILLA_PHYSICAL;13:30:00;1;N/A;N/A;N/A;N/A;N/A;N/A;N/A;N/A;N/A
USDJPY_12JUN2019NY_PUT_110_VANILLA_PHYSICAL;15:30:00;1;N/A;N/A;N/A;N/A;N/A;N/A;N/A;N/A;N/A
USDJPY_29MAY2019NY_CALL_113_VANILLA_PHYSICAL;09:30:00;1;N/A;N/A;N/A;N/A;N/A;N/A;N/A;N/A;N/A
USDJPY_29MAY2019NY_CALL_113_VANILLA_PHYSICAL;11:30:00;1;N/A;N/A;N/A;N/A;N/A;N/A;N/A;N/A;N/A
USDJPY_29MAY2019NY_CALL_113_VANILLA_PHYSICAL;13:30:00;1;N/A;N/A;N/A;N/A;N/A;N/A;N/A;N/A;N/A
USDJPY_29MAY2019NY_CALL_113_VANILLA_PHYSICAL;15:30:00;1;N/A;N/A;N/A;N/A;N/A;N/A;N/A;N/A;N/A
AUDJPY_17MAY2019NY_PUT_78.5_VANILLA_PHYSICAL;09:30:00;1;N/A;N/A;0.201;13:06:39.4170000;20000;Continuous Quote Driven and Request For Quote;N/A;Electronic;0.201/0.278
AUDJPY_17MAY2019NY_PUT_78.5_VANILLA_PHYSICAL;11:30:00;1;N/A;N/A;0.201;13:06:39.4170000;20000;Continuous Quote Driven and Request For Quote;N/A;Electronic;0.201/0.278
AUDJPY_17MAY2019NY_PUT_78.5_VANILLA_PHYSICAL;13:30:00;1;N/A;N/A;N/A;N/A;N/A;N/A;N/A;N/A;N/A
AUDJPY_17MAY2019NY_PUT_78.5_VANILLA_PHYSICAL;15:30:00;1;N/A;N/A;N/A;N/A;N/A;N/A;N/A;N/A;N/A
AUDJPY_20MAY2019NY_PUT_78.1_VANILLA_PHYSICAL;09:30:00;1;N/A;N/A;N/A;N/A;N/A;N/A;N/A;N/A;N/A
AUDJPY_20MAY2019NY_PUT_78.1_VANILLA_PHYSICAL;11:30:00;1;N/A;N/A;N/A;N/A;N/A;N/A;N/A;N/A;N/A
AUDJPY_20MAY2019NY_PUT_78.1_VANILLA_PHYSICAL;13:30:00;1;N/A;N/A;N/A;N/A;N/A;N/A;N/A;N/A;N/A
AUDJPY_20MAY2019NY_PUT_78.1_VANILLA_PHYSICAL;15:30:00;1;N/A;N/A;N/A;N/A;N/A;N/A;N/A;N/A;N/A
AUDJPY_12JUN2019NY_PUT_77.5_VANILLA_PHYSICAL;09:30:00;1;N/A;N/A;0.275;16:58:09.0030000;30000;Continuous Quote Driven and Request For Quote;N/A;Electronic;0.275/0.361
AUDJPY_12JUN2019NY_PUT_77.5_VANILLA_PHYSICAL;11:30:00;1;N/A;N/A;0.275;16:58:09.0030000;30000;Continuous Quote Driven and Request For Quote;N/A;Electronic;0.275/0.361
AUDJPY_12JUN2019NY_PUT_77.5_VANILLA_PHYSICAL;13:30:00;1;N/A;N/A;0.275;16:58:09.0030000;30000;Continuous Quote Driven and Request For Quote;N/A;Electronic;0.275/0.361
AUDJPY_12JUN2019NY_PUT_77.5_VANILLA_PHYSICAL;15:30:00;1;N/A;N/A;0.275;16:58:09.0030000;30000;Continuous Quote Driven and Request For Quote;N/A;Electronic;0.275/0.361
AUDJPY_05JUN2019NY_PUT_77.5_VANILLA_PHYSICAL;09:30:00;1;N/A;N/A;0.224;16:48:14.6870000;30000;Continuous Quote Driven and Request For Quote;N/A;Electronic;0.224/0.309
AUDJPY_05JUN2019NY_PUT_77.5_VANILLA_PHYSICAL;11:30:00;1;N/A;N/A;0.224;16:48:14.6870000;30000;Continuous Quote Driven and Request For Quote;N/A;Electronic;0.224/0.309
AUDJPY_05JUN2019NY_PUT_77.5_VANILLA_PHYSICAL;13:30:00;1;N/A;N/A;0.224;16:48:14.6870000;30000;Continuous Quote Driven and Request For Quote;N/A;Electronic;0.224/0.309
AUDJPY_05JUN2019NY_PUT_77.5_VANILLA_PHYSICAL;15:30:00;1;N/A;N/A;0.224;16:48:14.6870000;30000;Continuous Quote Driven and Request For Quote;N/A;Electronic;0.224/0.309
AUDJPY_08MAY2019NY_PUT_80_VANILLA_PHYSICAL;09:30:00;1;N/A;N/A;N/A;N/A;N/A;N/A;N/A;N/A;N/A
AUDJPY_08MAY2019NY_PUT_80_VANILLA_PHYSICAL;11:30:00;1;N/A;N/A;N/A;N/A;N/A;N/A;N/A;N/A;N/A
AUDJPY_08MAY2019NY_PUT_80_VANILLA_PHYSICAL;13:30:00;1;N/A;N/A;N/A;N/A;N/A;N/A;N/A;N/A;N/A
AUDJPY_08MAY2019NY_PUT_80_VANILLA_PHYSICAL;15:30:00;1;N/A;N/A;N/A;N/A;N/A;N/A;N/A;N/A;N/A
EURNZD_20MAY2019NY_CALL_1.716_VANILLA_PHYSICAL;09:30:00;1;N/A;N/A;0.00187;13:42:22.4800000;100000;Continuous Quote Driven and Request For Quote;N/A;Electronic;0.00187/0.00427
EURNZD_20MAY2019NY_CALL_1.716_VANILLA_PHYSICAL;11:30:00;1;N/A;N/A;0.00187;13:42:22.4800000;100000;Continuous Quote Driven and Request For Quote;N/A;Electronic;0.00187/0.00427
EURNZD_20MAY2019NY_CALL_1.716_VANILLA_PHYSICAL;13:30:00;1;N/A;N/A;0.00187;13:42:22.4800000;100000;Continuous Quote Driven and Request For Quote;N/A;Electronic;0.00187/0.00427
EURNZD_20MAY2019NY_CALL_1.716_VANILLA_PHYSICAL;15:30:00;1;N/A;N/A;N/A;N/A;N/A;N/A;N/A;N/A;N/A
EURNZD_20MAY2019NY_CALL_1.715_VANILLA_PHYSICAL;09:30:00;1;N/A;N/A;N/A;N/A;N/A;N/A;N/A;N/A;N/A
EURNZD_20MAY2019NY_CALL_1.715_VANILLA_PHYSICAL;11:30:00;1;N/A;N/A;N/A;N/A;N/A;N/A;N/A;N/A;N/A
EURNZD_20MAY2019NY_CALL_1.715_VANILLA_PHYSICAL;13:30:00;1;N/A;N/A;N/A;N/A;N/A;N/A;N/A;N/A;N/A
EURNZD_20MAY2019NY_CALL_1.715_VANILLA_PHYSICAL;15:30:00;1;N/A;N/A;N/A;N/A;N/A;N/A;N/A;N/A;N/A
NZDUSD_17MAY2019NY_PUT_0.68_VANILLA_PHYSICAL;09:30:00;1;N/A;N/A;0.01302;09:49:16.7370000;520000;Continuous Quote Driven and Request For Quote;N/A;Electronic;0.01215/0.01302
NZDUSD_17MAY2019NY_PUT_0.68_VANILLA_PHYSICAL;11:30:00;1;N/A;N/A;N/A;N/A;N/A;N/A;N/A;N/A;N/A
NZDUSD_17MAY2019NY_PUT_0.68_VANILLA_PHYSICAL;13:30:00;1;N/A;N/A;N/A;N/A;N/A;N/A;N/A;N/A;N/A
NZDUSD_17MAY2019NY_PUT_0.68_VANILLA_PHYSICAL;15:30:00;1;N/A;N/A;N/A;N/A;N/A;N/A;N/A;N/A;N/A
NZDUSD_20MAY2019NY_PUT_0.655_VANILLA_PHYSICAL;09:30:00;1;N/A;N/A;0.00103;13:39:18.0970000;100000;Continuous Quote Driven and Request For Quote;N/A;Electronic;0.00103/0.00186
NZDUSD_20MAY2019NY_PUT_0.655_VANILLA_PHYSICAL;11:30:00;1;N/A;N/A;0.00103;13:39:18.0970000;100000;Continuous Quote Driven and Request For Quote;N/A;Electronic;0.00103/0.00186
NZDUSD_20MAY2019NY_PUT_0.655_VANILLA_PHYSICAL;13:30:00;1;N/A;N/A;0.00103;13:39:18.0970000;100000;Continuous Quote Driven and Request For Quote;N/A;Electronic;0.00103/0.00186
NZDUSD_20MAY2019NY_PUT_0.655_VANILLA_PHYSICAL;15:30:00;1;N/A;N/A;N/A;N/A;N/A;N/A;N/A;N/A;N/A
NZDUSD_23APR2019NY_PUT_0.666_VANILLA_CASH;09:30:00;1;N/A;N/A;0.00066;14:01:50.6170000;100000;Continuous Quote Driven and Request For Quote;N/A;Electronic;5E-05/0.00066
NZDUSD_23APR2019NY_PUT_0.666_VANILLA_CASH;11:30:00;1;N/A;N/A;0.00066;14:01:50.6170000;100000;Continuous Quote Driven and Request For Quote;N/A;Electronic;5E-05/0.00066
NZDUSD_23APR2019NY_PUT_0.666_VANILLA_CASH;13:30:00;1;N/A;N/A;0.00066;14:01:50.6170000;100000;Continuous Quote Driven and Request For Quote;N/A;Electronic;5E-05/0.00066
NZDUSD_23APR2019NY_PUT_0.666_VANILLA_CASH;15:30:00;1;N/A;N/A;N/A;N/A;N/A;N/A;N/A;N/A;N/A
USDJPY_20MAY2019NY_PUT_111.5_VANILLA_PHYSICAL;09:30:00;1;N/A;N/A;N/A;N/A;N/A;N/A;N/A;N/A;N/A
USDJPY_20MAY2019NY_PUT_111.5_VANILLA_PHYSICAL;11:30:00;1;N/A;N/A;N/A;N/A;N/A;N/A;N/A;N/A;N/A
USDJPY_20MAY2019NY_PUT_111.5_VANILLA_PHYSICAL;13:30:00;1;N/A;N/A;N/A;N/A;N/A;N/A;N/A;N/A;N/A
USDJPY_20MAY2019NY_PUT_111.5_VANILLA_PHYSICAL;15:30:00;1;N/A;N/A;N/A;N/A;N/A;N/A;N/A;N/A;N/A
USDJPY_15NOV2019NY_CALL_112_VANILLA_CASH;09:30:00;1;N/A;N/A;N/A;N/A;N/A;N/A;N/A;N/A;N/A
USDJPY_15NOV2019NY_CALL_112_VANILLA_CASH;11:30:00;1;N/A;N/A;N/A;N/A;N/A;N/A;N/A;N/A;N/A
USDJPY_15NOV2019NY_CALL_112_VANILLA_CASH;13:30:00;1;N/A;N/A;N/A;N/A;N/A;N/A;N/A;N/A;N/A
USDJPY_15NOV2019NY_CALL_112_VANILLA_CASH;15:30:00;1;N/A;N/A;N/A;N/A;N/A;N/A;N/A;N/A;N/A
USDJPY_25APR2019NY_PUT_111.8_VANILLA_PHYSICAL;09:30:00;1;N/A;N/A;0.173;12:49:04.1130000;20000;Continuous Quote Driven and Request For Quote;N/A;Electronic;0.173/0.269
USDJPY_25APR2019NY_PUT_111.8_VANILLA_PHYSICAL;11:30:00;1;N/A;N/A;0.173;12:49:04.1130000;20000;Continuous Quote Driven and Request For Quote;N/A;Electronic;0.173/0.269
USDJPY_25APR2019NY_PUT_111.8_VANILLA_PHYSICAL;13:30:00;1;N/A;N/A;N/A;N/A;N/A;N/A;N/A;N/A;N/A
USDJPY_25APR2019NY_PUT_111.8_VANILLA_PHYSICAL;15:30:00;1;N/A;N/A;N/A;N/A;N/A;N/A;N/A;N/A;N/A
USDJPY_23APR2019NY_PUT_111.6_VANILLA_CASH;09:30:00;1;N/A;N/A;0.088;14:02:28.4500000;50000;Continuous Quote Driven and Request For Quote;N/A;Electronic;0.003/0.088
USDJPY_23APR2019NY_PUT_111.6_VANILLA_CASH;11:30:00;1;N/A;N/A;0.088;14:02:28.4500000;50000;Continuous Quote Driven and Request For Quote;N/A;Electronic;0.003/0.088
USDJPY_23APR2019NY_PUT_111.6_VANILLA_CASH;13:30:00;1;N/A;N/A;0.088;14:02:28.4500000;50000;Continuous Quote Driven and Request For Quote;N/A;Electronic;0.003/0.088
USDJPY_23APR2019NY_PUT_111.6_VANILLA_CASH;15:30:00;1;N/A;N/A;N/A;N/A;N/A;N/A;N/A;N/A;N/A
USDJPY_23APR2019NY_PUT_111.7_VANILLA_CASH;09:30:00;1;N/A;N/A;N/A;N/A;N/A;N/A;N/A;N/A;N/A
USDJPY_23APR2019NY_PUT_111.7_VANILLA_CASH;11:30:00;1;N/A;N/A;N/A;N/A;N/A;N/A;N/A;N/A;N/A
USDJPY_23APR2019NY_PUT_111.7_VANILLA_CASH;13:30:00;1;N/A;N/A;N/A;N/A;N/A;N/A;N/A;N/A;N/A
USDJPY_23APR2019NY_PUT_111.7_VANILLA_CASH;15:30:00;1;N/A;N/A;N/A;N/A;N/A;N/A;N/A;N/A;N/A
USDJPY_17JUL2019NY_PUT_109.9_VANILLA_PHYSICAL;09:30:00;1;N/A;N/A;0.652;14:03:42.1230000;500000;Continuous Quote Driven and Request For Quote;N/A;Electronic;0.652/0.652
USDJPY_17JUL2019NY_PUT_109.9_VANILLA_PHYSICAL;11:30:00;1;N/A;N/A;0.652;14:03:42.1230000;500000;Continuous Quote Driven and Request For Quote;N/A;Electronic;0.652/0.652
USDJPY_17JUL2019NY_PUT_109.9_VANILLA_PHYSICAL;13:30:00;1;N/A;N/A;0.652;14:03:42.1230000;500000;Continuous Quote Driven and Request For Quote;N/A;Electronic;0.652/0.652
USDJPY_17JUL2019NY_PUT_109.9_VANILLA_PHYSICAL;15:30:00;1;N/A;N/A;N/A;N/A;N/A;N/A;N/A;N/A;N/A
USDZAR_12JUN2019NY_PUT_14_VANILLA_PHYSICAL;09:30:00;1;N/A;N/A;0.21217;15:21:00.0030000;30000;Continuous Quote Driven and Request For Quote;N/A;Electronic;0.21217/0.21217
USDZAR_12JUN2019NY_PUT_14_VANILLA_PHYSICAL;11:30:00;1;N/A;N/A;0.21217;15:21:00.0030000;30000;Continuous Quote Driven and Request For Quote;N/A;Electronic;0.21217/0.21217
USDZAR_12JUN2019NY_PUT_14_VANILLA_PHYSICAL;13:30:00;1;N/A;N/A;0.21217;15:21:00.0030000;30000;Continuous Quote Driven and Request For Quote;N/A;Electronic;0.21217/0.21217
USDZAR_12JUN2019NY_PUT_14_VANILLA_PHYSICAL;15:30:00;1;N/A;N/A;N/A;N/A;N/A;N/A;N/A;N/A;N/A
AUDNZD_20MAY2019NY_PUT_1.0525_VANILLA_PHYSICAL;09:30:00;1;N/A;N/A;0.001;13:33:03.5170000;100000;Continuous Quote Driven and Request For Quote;N/A;Electronic;0.001/0.00217
AUDNZD_20MAY2019NY_PUT_1.0525_VANILLA_PHYSICAL;11:30:00;1;N/A;N/A;0.001;13:33:03.5170000;100000;Continuous Quote Driven and Request For Quote;N/A;Electronic;0.001/0.00217
AUDNZD_20MAY2019NY_PUT_1.0525_VANILLA_PHYSICAL;13:30:00;1;N/A;N/A;0.001;13:33:03.5170000;100000;Continuous Quote Driven and Request For Quote;N/A;Electronic;0.001/0.00217
AUDNZD_20MAY2019NY_PUT_1.0525_VANILLA_PHYSICAL;15:30:00;1;N/A;N/A;N/A;N/A;N/A;N/A;N/A;N/A;N/A
AUDNZD_20MAY2019NY_CALL_1.0875_VANILLA_PHYSICAL;09:30:00;1;N/A;N/A;N/A;N/A;N/A;N/A;N/A;N/A;N/A
AUDNZD_20MAY2019NY_CALL_1.0875_VANILLA_PHYSICAL;11:30:00;1;N/A;N/A;N/A;N/A;N/A;N/A;N/A;N/A;N/A
AUDNZD_20MAY2019NY_CALL_1.0875_VANILLA_PHYSICAL;13:30:00;1;N/A;N/A;N/A;N/A;N/A;N/A;N/A;N/A;N/A
AUDNZD_20MAY2019NY_CALL_1.0875_VANILLA_PHYSICAL;15:30:00;1;N/A;N/A;N/A;N/A;N/A;N/A;N/A;N/A;N/A
AUDNZD_20MAY2019NY_CALL_1.088_VANILLA_PHYSICAL;09:30:00;1;N/A;N/A;0.00099;13:32:06.8970000;100000;Continuous Quote Driven and Request For Quote;N/A;Electronic;0.00099/0.00216
AUDNZD_20MAY2019NY_CALL_1.088_VANILLA_PHYSICAL;11:30:00;1;N/A;N/A;0.00099;13:32:06.8970000;100000;Continuous Quote Driven and Request For Quote;N/A;Electronic;0.00099/0.00216
AUDNZD_20MAY2019NY_CALL_1.088_VANILLA_PHYSICAL;13:30:00;1;N/A;N/A;0.00099;13:32:06.8970000;100000;Continuous Quote Driven and Request For Quote;N/A;Electronic;0.00099/0.00216
AUDNZD_20MAY2019NY_CALL_1.088_VANILLA_PHYSICAL;15:30:00;1;N/A;N/A;N/A;N/A;N/A;N/A;N/A;N/A;N/A
AUDNZD_21MAY2019NY_CALL_1.075_VANILLA_PHYSICAL;09:30:00;1;N/A;N/A;0.00411;09:42:47.8130000;25000;Continuous Quote Driven and Request For Quote;N/A;Electronic;0.00411/0.00538
AUDNZD_21MAY2019NY_CALL_1.075_VANILLA_PHYSICAL;11:30:00;1;N/A;N/A;N/A;N/A;N/A;N/A;N/A;N/A;N/A
AUDNZD_21MAY2019NY_CALL_1.075_VANILLA_PHYSICAL;13:30:00;1;N/A;N/A;N/A;N/A;N/A;N/A;N/A;N/A;N/A
AUDNZD_21MAY2019NY_CALL_1.075_VANILLA_PHYSICAL;15:30:00;1;N/A;N/A;N/A;N/A;N/A;N/A;N/A;N/A;N/A
AUDNZD_23MAY2019NY_CALL_1.08_VANILLA_PHYSICAL;09:30:00;1;N/A;N/A;0.00276;09:38:47.6370000;15000;Continuous Quote Driven and Request For Quote;N/A;Electronic;0.00276/0.00401
AUDNZD_23MAY2019NY_CALL_1.08_VANILLA_PHYSICAL;11:30:00;1;N/A;N/A;N/A;N/A;N/A;N/A;N/A;N/A;N/A
AUDNZD_23MAY2019NY_CALL_1.08_VANILLA_PHYSICAL;13:30:00;1;N/A;N/A;N/A;N/A;N/A;N/A;N/A;N/A;N/A
AUDNZD_23MAY2019NY_CALL_1.08_VANILLA_PHYSICAL;15:30:00;1;N/A;N/A;N/A;N/A;N/A;N/A;N/A;N/A;N/A
AUDNZD_23MAY2019NY_PUT_1.0585_VANILLA_PHYSICAL;09:30:00;1;N/A;N/A;0.00251;09:39:14.3800000;15000;Continuous Quote Driven and Request For Quote;N/A;Electronic;0.00251/0.00392
AUDNZD_23MAY2019NY_PUT_1.0585_VANILLA_PHYSICAL;11:30:00;1;N/A;N/A;N/A;N/A;N/A;N/A;N/A;N/A;N/A
AUDNZD_23MAY2019NY_PUT_1.0585_VANILLA_PHYSICAL;13:30:00;1;N/A;N/A;N/A;N/A;N/A;N/A;N/A;N/A;N/A
AUDNZD_23MAY2019NY_PUT_1.0585_VANILLA_PHYSICAL;15:30:00;1;N/A;N/A;N/A;N/A;N/A;N/A;N/A;N/A;N/A
EURHUF_17MAY2019NY_PUT_318_VANILLA_PHYSICAL;09:30:00;1;N/A;N/A;0.366;09:35:17.7170000;30000;Continuous Quote Driven and Request For Quote;N/A;Electronic;0.366/0.805
EURHUF_17MAY2019NY_PUT_318_VANILLA_PHYSICAL;11:30:00;1;N/A;N/A;N/A;N/A;N/A;N/A;N/A;N/A;N/A
EURHUF_17MAY2019NY_PUT_318_VANILLA_PHYSICAL;13:30:00;1;N/A;N/A;N/A;N/A;N/A;N/A;N/A;N/A;N/A
EURHUF_17MAY2019NY_PUT_318_VANILLA_PHYSICAL;15:30:00;1;N/A;N/A;N/A;N/A;N/A;N/A;N/A;N/A;N/A
EURHUF_22MAY2019NY_PUT_317.8_VANILLA_PHYSICAL;09:30:00;1;N/A;N/A;0.4;09:49:16.0930000;25000;Continuous Quote Driven and Request For Quote;N/A;Electronic;0.4/0.841
EURHUF_22MAY2019NY_PUT_317.8_VANILLA_PHYSICAL;11:30:00;1;N/A;N/A;N/A;N/A;N/A;N/A;N/A;N/A;N/A
EURHUF_22MAY2019NY_PUT_317.8_VANILLA_PHYSICAL;13:30:00;1;N/A;N/A;N/A;N/A;N/A;N/A;N/A;N/A;N/A
EURHUF_22MAY2019NY_PUT_317.8_VANILLA_PHYSICAL;15:30:00;1;N/A;N/A;N/A;N/A;N/A;N/A;N/A;N/A;N/A
EURCAD_20JUN2019NY_CALL_1.53_VANILLA_PHYSICAL;09:30:00;1;N/A;N/A;N/A;N/A;N/A;N/A;N/A;N/A;N/A
EURCAD_20JUN2019NY_CALL_1.53_VANILLA_PHYSICAL;11:30:00;1;N/A;N/A;N/A;N/A;N/A;N/A;N/A;N/A;N/A
EURCAD_20JUN2019NY_CALL_1.53_VANILLA_PHYSICAL;13:30:00;1;N/A;N/A;N/A;N/A;N/A;N/A;N/A;N/A;N/A
EURCAD_20JUN2019NY_CALL_1.53_VANILLA_PHYSICAL;15:30:00;1;N/A;N/A;N/A;N/A;N/A;N/A;N/A;N/A;N/A
USDCHF_15MAY2019NY_CALL_1.02_VANILLA_PHYSICAL;09:30:00;1;N/A;N/A;0.00188;14:27:13.1870000;100000;Continuous Quote Driven and Request For Quote;N/A;Electronic;0.00188/0.00188
USDCHF_15MAY2019NY_CALL_1.02_VANILLA_PHYSICAL;11:30:00;1;N/A;N/A;0.00188;14:27:13.1870000;100000;Continuous Quote Driven and Request For Quote;N/A;Electronic;0.00188/0.00188
USDCHF_15MAY2019NY_CALL_1.02_VANILLA_PHYSICAL;13:30:00;1;N/A;N/A;0.00188;14:27:13.1870000;100000;Continuous Quote Driven and Request For Quote;N/A;Electronic;0.00188/0.00188
USDCHF_15MAY2019NY_CALL_1.02_VANILLA_PHYSICAL;15:30:00;1;N/A;N/A;N/A;N/A;N/A;N/A;N/A;N/A;N/A
USDCHF_30MAY2019NY_PUT_1.02_VANILLA_PHYSICAL;09:30:00;1;N/A;N/A;N/A;N/A;N/A;N/A;N/A;N/A;N/A
USDCHF_30MAY2019NY_PUT_1.02_VANILLA_PHYSICAL;11:30:00;1;N/A;N/A;N/A;N/A;N/A;N/A;N/A;N/A;N/A
USDCHF_30MAY2019NY_PUT_1.02_VANILLA_PHYSICAL;13:30:00;1;N/A;N/A;N/A;N/A;N/A;N/A;N/A;N/A;N/A
USDCHF_30MAY2019NY_PUT_1.02_VANILLA_PHYSICAL;15:30:00;1;N/A;N/A;N/A;N/A;N/A;N/A;N/A;N/A;N/A
GBPAUD_21AUG2019NY_PUT_1.8265_VANILLA_PHYSICAL;09:30:00;1;N/A;N/A;N/A;N/A;N/A;N/A;N/A;N/A;N/A
GBPAUD_21AUG2019NY_PUT_1.8265_VANILLA_PHYSICAL;11:30:00;1;N/A;N/A;N/A;N/A;N/A;N/A;N/A;N/A;N/A
GBPAUD_21AUG2019NY_PUT_1.8265_VANILLA_PHYSICAL;13:30:00;1;N/A;N/A;N/A;N/A;N/A;N/A;N/A;N/A;N/A
GBPAUD_21AUG2019NY_PUT_1.8265_VANILLA_PHYSICAL;15:30:00;1;N/A;N/A;N/A;N/A;N/A;N/A;N/A;N/A;N/A
GBPAUD_21AUG2019NY_PUT_1.827_VANILLA_PHYSICAL;09:30:00;1;N/A;N/A;N/A;N/A;N/A;N/A;N/A;N/A;N/A
GBPAUD_21AUG2019NY_PUT_1.827_VANILLA_PHYSICAL;11:30:00;1;N/A;N/A;N/A;N/A;N/A;N/A;N/A;N/A;N/A
GBPAUD_21AUG2019NY_PUT_1.827_VANILLA_PHYSICAL;13:30:00;1;N/A;N/A;N/A;N/A;N/A;N/A;N/A;N/A;N/A
GBPAUD_21AUG2019NY_PUT_1.827_VANILLA_PHYSICAL;15:30:00;1;N/A;N/A;N/A;N/A;N/A;N/A;N/A;N/A;N/A
AUDUSD_26APR2019NY_0.705_BARRIER_CASH;09:30:00;1;N/A;N/A;N/A;N/A;N/A;N/A;N/A;N/A;N/A
AUDUSD_26APR2019NY_0.705_BARRIER_CASH;11:30:00;1;N/A;N/A;N/A;N/A;N/A;N/A;N/A;N/A;N/A
AUDUSD_26APR2019NY_0.705_BARRIER_CASH;13:30:00;1;N/A;N/A;N/A;N/A;N/A;N/A;N/A;N/A;N/A
AUDUSD_26APR2019NY_0.705_BARRIER_CASH;15:30:00;1;N/A;N/A;N/A;N/A;N/A;N/A;N/A;N/A;N/A
AUDUSD_20MAY2019NY_CALL_0.729_VANILLA_PHYSICAL;09:30:00;1;N/A;N/A;0.00098;13:34:22.7230000;100000;Continuous Quote Driven and Request For Quote;N/A;Electronic;0.00098/0.00175
AUDUSD_20MAY2019NY_CALL_0.729_VANILLA_PHYSICAL;11:30:00;1;N/A;N/A;0.00098;13:34:22.7230000;100000;Continuous Quote Driven and Request For Quote;N/A;Electronic;0.00098/0.00175
AUDUSD_20MAY2019NY_CALL_0.729_VANILLA_PHYSICAL;13:30:00;1;N/A;N/A;0.00098;13:34:22.7230000;100000;Continuous Quote Driven and Request For Quote;N/A;Electronic;0.00098/0.00175
AUDUSD_20MAY2019NY_CALL_0.729_VANILLA_PHYSICAL;15:30:00;1;N/A;N/A;N/A;N/A;N/A;N/A;N/A;N/A;N/A
AUDUSD_20MAY2019NY_PUT_0.701_VANILLA_PHYSICAL;09:30:00;1;N/A;N/A;0.00101;13:36:13.6870000;100000;Continuous Quote Driven and Request For Quote;N/A;Electronic;0.00101/0.00177
AUDUSD_20MAY2019NY_PUT_0.701_VANILLA_PHYSICAL;11:30:00;1;N/A;N/A;0.00101;13:36:13.6870000;100000;Continuous Quote Driven and Request For Quote;N/A;Electronic;0.00101/0.00177
AUDUSD_20MAY2019NY_PUT_0.701_VANILLA_PHYSICAL;13:30:00;1;N/A;N/A;0.00101;13:36:13.6870000;100000;Continuous Quote Driven and Request For Quote;N/A;Electronic;0.00101/0.00177
AUDUSD_20MAY2019NY_PUT_0.701_VANILLA_PHYSICAL;15:30:00;1;N/A;N/A;N/A;N/A;N/A;N/A;N/A;N/A;N/A
AUDUSD_26APR2019NY_0.725_BARRIER_CASH;09:30:00;1;N/A;N/A;N/A;N/A;N/A;N/A;N/A;N/A;N/A
AUDUSD_26APR2019NY_0.725_BARRIER_CASH;11:30:00;1;N/A;N/A;N/A;N/A;N/A;N/A;N/A;N/A;N/A
AUDUSD_26APR2019NY_0.725_BARRIER_CASH;13:30:00;1;N/A;N/A;N/A;N/A;N/A;N/A;N/A;N/A;N/A
AUDUSD_26APR2019NY_0.725_BARRIER_CASH;15:30:00;1;N/A;N/A;N/A;N/A;N/A;N/A;N/A;N/A;N/A
AUDUSD_31MAY2019NY_CALL_0.725_VANILLA_PHYSICAL;09:30:00;1;N/A;N/A;0.0025;09:44:28.1270000;20000;Continuous Quote Driven and Request For Quote;N/A;Electronic;0.0025/0.00348
AUDUSD_31MAY2019NY_CALL_0.725_VANILLA_PHYSICAL;11:30:00;1;N/A;N/A;N/A;N/A;N/A;N/A;N/A;N/A;N/A
AUDUSD_31MAY2019NY_CALL_0.725_VANILLA_PHYSICAL;13:30:00;1;N/A;N/A;N/A;N/A;N/A;N/A;N/A;N/A;N/A
AUDUSD_31MAY2019NY_CALL_0.725_VANILLA_PHYSICAL;15:30:00;1;N/A;N/A;N/A;N/A;N/A;N/A;N/A;N/A;N/A
AUDUSD_23APR2019NY_PUT_0.711_VANILLA_CASH;09:30:00;1;N/A;N/A;N/A;N/A;N/A;N/A;N/A;N/A;N/A
AUDUSD_23APR2019NY_PUT_0.711_VANILLA_CASH;11:30:00;1;N/A;N/A;N/A;N/A;N/A;N/A;N/A;N/A;N/A
AUDUSD_23APR2019NY_PUT_0.711_VANILLA_CASH;13:30:00;1;N/A;N/A;N/A;N/A;N/A;N/A;N/A;N/A;N/A
AUDUSD_23APR2019NY_PUT_0.711_VANILLA_CASH;15:30:00;1;N/A;N/A;N/A;N/A;N/A;N/A;N/A;N/A;N/A
AUDUSD_23APR2019NY_PUT_0.712_VANILLA_CASH;09:30:00;1;N/A;N/A;0.00073;14:02:11.1870000;100000;Continuous Quote Driven and Request For Quote;N/A;Electronic;4E-05/0.00073
AUDUSD_23APR2019NY_PUT_0.712_VANILLA_CASH;11:30:00;1;N/A;N/A;0.00073;14:02:11.1870000;100000;Continuous Quote Driven and Request For Quote;N/A;Electronic;4E-05/0.00073
AUDUSD_23APR2019NY_PUT_0.712_VANILLA_CASH;13:30:00;1;N/A;N/A;0.00073;14:02:11.1870000;100000;Continuous Quote Driven and Request For Quote;N/A;Electronic;4E-05/0.00073
AUDUSD_23APR2019NY_PUT_0.712_VANILLA_CASH;15:30:00;1;N/A;N/A;N/A;N/A;N/A;N/A;N/A;N/A;N/A
NZDJPY_08MAY2019NY_PUT_74.25_VANILLA_PHYSICAL;09:30:00;1;N/A;N/A;N/A;N/A;N/A;N/A;N/A;N/A;N/A
NZDJPY_08MAY2019NY_PUT_74.25_VANILLA_PHYSICAL;11:30:00;1;N/A;N/A;N/A;N/A;N/A;N/A;N/A;N/A;N/A
NZDJPY_08MAY2019NY_PUT_74.25_VANILLA_PHYSICAL;13:30:00;1;N/A;N/A;N/A;N/A;N/A;N/A;N/A;N/A;N/A
NZDJPY_08MAY2019NY_PUT_74.25_VANILLA_PHYSICAL;15:30:00;1;N/A;N/A;N/A;N/A;N/A;N/A;N/A;N/A;N/A
USDMXN_23APR2019NY_CALL_18.8095_VANILLA_PHYSICAL;09:30:00;1;N/A;N/A;0.03506;10:06:30.9300000;100000;Continuous Quote Driven and Request For Quote;N/A;Electronic;0.03506/0.03506
USDMXN_23APR2019NY_CALL_18.8095_VANILLA_PHYSICAL;11:30:00;1;N/A;N/A;N/A;N/A;N/A;N/A;N/A;N/A;N/A
USDMXN_23APR2019NY_CALL_18.8095_VANILLA_PHYSICAL;13:30:00;1;N/A;N/A;N/A;N/A;N/A;N/A;N/A;N/A;N/A
USDMXN_23APR2019NY_CALL_18.8095_VANILLA_PHYSICAL;15:30:00;1;N/A;N/A;N/A;N/A;N/A;N/A;N/A;N/A;N/A
USDMXN_23APR2019NY_CALL_18.81_VANILLA_PHYSICAL;09:30:00;1;N/A;N/A;0.03486;10:13:29.0830000;100000;Continuous Quote Driven and Request For Quote;N/A;Electronic;0.03486/0.03486
USDMXN_23APR2019NY_CALL_18.81_VANILLA_PHYSICAL;11:30:00;1;N/A;N/A;N/A;N/A;N/A;N/A;N/A;N/A;N/A
USDMXN_23APR2019NY_CALL_18.81_VANILLA_PHYSICAL;13:30:00;1;N/A;N/A;N/A;N/A;N/A;N/A;N/A;N/A;N/A
USDMXN_23APR2019NY_CALL_18.81_VANILLA_PHYSICAL;15:30:00;1;N/A;N/A;N/A;N/A;N/A;N/A;N/A;N/A;N/A
USDMXN_24APR2019NY_CALL_18.81_VANILLA_PHYSICAL;09:30:00;1;N/A;N/A;0.04959;10:13:16.5400000;100000;Continuous Quote Driven and Request For Quote;N/A;Electronic;0.04959/0.04959
USDMXN_24APR2019NY_CALL_18.81_VANILLA_PHYSICAL;11:30:00;1;N/A;N/A;N/A;N/A;N/A;N/A;N/A;N/A;N/A
USDMXN_24APR2019NY_CALL_18.81_VANILLA_PHYSICAL;13:30:00;1;N/A;N/A;N/A;N/A;N/A;N/A;N/A;N/A;N/A
USDMXN_24APR2019NY_CALL_18.81_VANILLA_PHYSICAL;15:30:00;1;N/A;N/A;N/A;N/A;N/A;N/A;N/A;N/A;N/A
USDMXN_24APR2019NY_CALL_18.805_VANILLA_PHYSICAL;09:30:00;1;N/A;N/A;0.05209;10:04:51.7000000;100000;Continuous Quote Driven and Request For Quote;N/A;Electronic;0.05209/0.05209
USDMXN_24APR2019NY_CALL_18.805_VANILLA_PHYSICAL;11:30:00;1;N/A;N/A;N/A;N/A;N/A;N/A;N/A;N/A;N/A
USDMXN_24APR2019NY_CALL_18.805_VANILLA_PHYSICAL;13:30:00;1;N/A;N/A;N/A;N/A;N/A;N/A;N/A;N/A;N/A
USDMXN_24APR2019NY_CALL_18.805_VANILLA_PHYSICAL;15:30:00;1;N/A;N/A;N/A;N/A;N/A;N/A;N/A;N/A;N/A
USDCAD_19JUN2019NY_CALL_1.3475_VANILLA_PHYSICAL;09:30:00;1;N/A;N/A;N/A;N/A;N/A;N/A;N/A;N/A;N/A
USDCAD_19JUN2019NY_CALL_1.3475_VANILLA_PHYSICAL;11:30:00;1;N/A;N/A;N/A;N/A;N/A;N/A;N/A;N/A;N/A
USDCAD_19JUN2019NY_CALL_1.3475_VANILLA_PHYSICAL;13:30:00;1;N/A;N/A;N/A;N/A;N/A;N/A;N/A;N/A;N/A
USDCAD_19JUN2019NY_CALL_1.3475_VANILLA_PHYSICAL;15:30:00;1;N/A;N/A;N/A;N/A;N/A;N/A;N/A;N/A;N/A
USDCAD_24APR2019NY_CALL_1.34_VANILLA_PHYSICAL;09:30:00;1;N/A;N/A;N/A;N/A;N/A;N/A;N/A;N/A;N/A
USDCAD_24APR2019NY_CALL_1.34_VANILLA_PHYSICAL;11:30:00;1;N/A;N/A;N/A;N/A;N/A;N/A;N/A;N/A;N/A
USDCAD_24APR2019NY_CALL_1.34_VANILLA_PHYSICAL;13:30:00;1;N/A;N/A;N/A;N/A;N/A;N/A;N/A;N/A;N/A
USDCAD_24APR2019NY_CALL_1.34_VANILLA_PHYSICAL;15:30:00;1;N/A;N/A;N/A;N/A;N/A;N/A;N/A;N/A;N/A
USDCAD_24APR2019NY_PUT_1.333_VANILLA_PHYSICAL;09:30:00;1;N/A;N/A;N/A;N/A;N/A;N/A;N/A;N/A;N/A
USDCAD_24APR2019NY_PUT_1.333_VANILLA_PHYSICAL;11:30:00;1;N/A;N/A;N/A;N/A;N/A;N/A;N/A;N/A;N/A
USDCAD_24APR2019NY_PUT_1.333_VANILLA_PHYSICAL;13:30:00;1;N/A;N/A;N/A;N/A;N/A;N/A;N/A;N/A;N/A
USDCAD_24APR2019NY_PUT_1.333_VANILLA_PHYSICAL;15:30:00;1;N/A;N/A;N/A;N/A;N/A;N/A;N/A;N/A;N/A
USDCAD_24APR2019NY_CALL_1.341_VANILLA_CASH;09:30:00;1;N/A;N/A;0.00084;19:20:19.6530000;60000;Continuous Quote Driven and Request For Quote;N/A;Electronic;0.00084/0.00185
USDCAD_24APR2019NY_CALL_1.341_VANILLA_CASH;11:30:00;1;N/A;N/A;0.00084;19:20:19.6530000;60000;Continuous Quote Driven and Request For Quote;N/A;Electronic;0.00084/0.00185
USDCAD_24APR2019NY_CALL_1.341_VANILLA_CASH;13:30:00;1;N/A;N/A;0.00084;19:20:19.6530000;60000;Continuous Quote Driven and Request For Quote;N/A;Electronic;0.00084/0.00185
USDCAD_24APR2019NY_CALL_1.341_VANILLA_CASH;15:30:00;1;N/A;N/A;0.00084;19:20:19.6530000;60000;Continuous Quote Driven and Request For Quote;N/A;Electronic;0.00084/0.00185
EURCHF_23APR2019NY_CALL_1.138_VANILLA_CASH;09:30:00;1;N/A;N/A;0.00272;20:19:00.4730000;300000;Continuous Quote Driven and Request For Quote;N/A;Electronic;0.00272/0.0041
EURCHF_23APR2019NY_CALL_1.138_VANILLA_CASH;11:30:00;1;N/A;N/A;0.00272;20:19:00.4730000;300000;Continuous Quote Driven and Request For Quote;N/A;Electronic;0.00272/0.0041
EURCHF_23APR2019NY_CALL_1.138_VANILLA_CASH;13:30:00;1;N/A;N/A;0.00272;20:19:00.4730000;300000;Continuous Quote Driven and Request For Quote;N/A;Electronic;0.00272/0.0041
EURCHF_23APR2019NY_CALL_1.138_VANILLA_CASH;15:30:00;1;N/A;N/A;0.00272;20:19:00.4730000;300000;Continuous Quote Driven and Request For Quote;N/A;Electronic;0.00272/0.0041
EURCHF_08MAY2019NY_PUT_1.1375_VANILLA_PHYSICAL;09:30:00;1;N/A;N/A;N/A;N/A;N/A;N/A;N/A;N/A;N/A
EURCHF_08MAY2019NY_PUT_1.1375_VANILLA_PHYSICAL;11:30:00;1;N/A;N/A;N/A;N/A;N/A;N/A;N/A;N/A;N/A
EURCHF_08MAY2019NY_PUT_1.1375_VANILLA_PHYSICAL;13:30:00;1;N/A;N/A;N/A;N/A;N/A;N/A;N/A;N/A;N/A
EURCHF_08MAY2019NY_PUT_1.1375_VANILLA_PHYSICAL;15:30:00;1;N/A;N/A;N/A;N/A;N/A;N/A;N/A;N/A;N/A
EURCHF_09MAY2019NY_PUT_1.1375_VANILLA_PHYSICAL;09:30:00;1;N/A;N/A;N/A;N/A;N/A;N/A;N/A;N/A;N/A
EURCHF_09MAY2019NY_PUT_1.1375_VANILLA_PHYSICAL;11:30:00;1;N/A;N/A;N/A;N/A;N/A;N/A;N/A;N/A;N/A
EURCHF_09MAY2019NY_PUT_1.1375_VANILLA_PHYSICAL;13:30:00;1;N/A;N/A;N/A;N/A;N/A;N/A;N/A;N/A;N/A
EURCHF_09MAY2019NY_PUT_1.1375_VANILLA_PHYSICAL;15:30:00;1;N/A;N/A;N/A;N/A;N/A;N/A;N/A;N/A;N/A
EURCHF_29APR2019NY_PUT_1.14_VANILLA_PHYSICAL;09:30:00;1;N/A;N/A;N/A;N/A;N/A;N/A;N/A;N/A;N/A
EURCHF_29APR2019NY_PUT_1.14_VANILLA_PHYSICAL;11:30:00;1;N/A;N/A;N/A;N/A;N/A;N/A;N/A;N/A;N/A
EURCHF_29APR2019NY_PUT_1.14_VANILLA_PHYSICAL;13:30:00;1;N/A;N/A;N/A;N/A;N/A;N/A;N/A;N/A;N/A
EURCHF_29APR2019NY_PUT_1.14_VANILLA_PHYSICAL;15:30:00;1;N/A;N/A;N/A;N/A;N/A;N/A;N/A;N/A;N/A
EURCHF_30MAY2019NY_PUT_1.14_VANILLA_PHYSICAL;09:30:00;1;N/A;N/A;N/A;N/A;N/A;N/A;N/A;N/A;N/A
EURCHF_30MAY2019NY_PUT_1.14_VANILLA_PHYSICAL;11:30:00;1;N/A;N/A;N/A;N/A;N/A;N/A;N/A;N/A;N/A
EURCHF_30MAY2019NY_PUT_1.14_VANILLA_PHYSICAL;13:30:00;1;N/A;N/A;N/A;N/A;N/A;N/A;N/A;N/A;N/A
EURCHF_30MAY2019NY_PUT_1.14_VANILLA_PHYSICAL;15:30:00;1;N/A;N/A;N/A;N/A;N/A;N/A;N/A;N/A;N/A
EURCHF_29APR2019NY_PUT_1.139_VANILLA_PHYSICAL;09:30:00;1;N/A;N/A;0.00137;10:14:48.0230000;100000;Continuous Quote Driven and Request For Quote;N/A;Electronic;0.00137/0.00137
EURCHF_29APR2019NY_PUT_1.139_VANILLA_PHYSICAL;11:30:00;1;N/A;N/A;N/A;N/A;N/A;N/A;N/A;N/A;N/A
EURCHF_29APR2019NY_PUT_1.139_VANILLA_PHYSICAL;13:30:00;1;N/A;N/A;N/A;N/A;N/A;N/A;N/A;N/A;N/A
EURCHF_29APR2019NY_PUT_1.139_VANILLA_PHYSICAL;15:30:00;1;N/A;N/A;N/A;N/A;N/A;N/A;N/A;N/A;N/A
EURCHF_15MAY2019NY_PUT_1.135_VANILLA_PHYSICAL;09:30:00;1;N/A;N/A;0.00208;10:15:16.6970000;100000;Continuous Quote Driven and Request For Quote;N/A;Electronic;0.00208/0.00208
EURCHF_15MAY2019NY_PUT_1.135_VANILLA_PHYSICAL;11:30:00;1;N/A;N/A;N/A;N/A;N/A;N/A;N/A;N/A;N/A
EURCHF_15MAY2019NY_PUT_1.135_VANILLA_PHYSICAL;13:30:00;1;N/A;N/A;N/A;N/A;N/A;N/A;N/A;N/A;N/A
EURCHF_15MAY2019NY_PUT_1.135_VANILLA_PHYSICAL;15:30:00;1;N/A;N/A;N/A;N/A;N/A;N/A;N/A;N/A;N/A
GBPUSD_24APR2019NY_CALL_1.305_VANILLA_PHYSICAL;09:30:00;1;N/A;N/A;N/A;N/A;N/A;N/A;N/A;N/A;N/A
GBPUSD_24APR2019NY_CALL_1.305_VANILLA_PHYSICAL;11:30:00;1;N/A;N/A;N/A;N/A;N/A;N/A;N/A;N/A;N/A
GBPUSD_24APR2019NY_CALL_1.305_VANILLA_PHYSICAL;13:30:00;1;N/A;N/A;N/A;N/A;N/A;N/A;N/A;N/A;N/A
GBPUSD_24APR2019NY_CALL_1.305_VANILLA_PHYSICAL;15:30:00;1;N/A;N/A;N/A;N/A;N/A;N/A;N/A;N/A;N/A
GBPUSD_23APR2019NY_PUT_1.2985_VANILLA_PHYSICAL;09:30:00;1;N/A;N/A;0.00196;15:10:44.6070000;50000;Continuous Quote Driven and Request For Quote;N/A;Electronic;0.00196/0.00196
GBPUSD_23APR2019NY_PUT_1.2985_VANILLA_PHYSICAL;11:30:00;1;N/A;N/A;0.00196;15:10:44.6070000;50000;Continuous Quote Driven and Request For Quote;N/A;Electronic;0.00196/0.00196
GBPUSD_23APR2019NY_PUT_1.2985_VANILLA_PHYSICAL;13:30:00;1;N/A;N/A;0.00196;15:10:44.6070000;50000;Continuous Quote Driven and Request For Quote;N/A;Electronic;0.00196/0.00196
GBPUSD_23APR2019NY_PUT_1.2985_VANILLA_PHYSICAL;15:30:00;1;N/A;N/A;N/A;N/A;N/A;N/A;N/A;N/A;N/A
EURJPY_23APR2019NY_CALL_125.8_VANILLA_PHYSICAL;09:30:00;1;N/A;N/A;N/A;N/A;N/A;N/A;N/A;N/A;N/A
EURJPY_23APR2019NY_CALL_125.8_VANILLA_PHYSICAL;11:30:00;1;N/A;N/A;N/A;N/A;N/A;N/A;N/A;N/A;N/A
EURJPY_23APR2019NY_CALL_125.8_VANILLA_PHYSICAL;13:30:00;1;N/A;N/A;N/A;N/A;N/A;N/A;N/A;N/A;N/A
EURJPY_23APR2019NY_CALL_125.8_VANILLA_PHYSICAL;15:30:00;1;N/A;N/A;N/A;N/A;N/A;N/A;N/A;N/A;N/A
EURJPY_20MAY2019NY_PUT_124.45_VANILLA_PHYSICAL;09:30:00;1;N/A;N/A;N/A;N/A;N/A;N/A;N/A;N/A;N/A
EURJPY_20MAY2019NY_PUT_124.45_VANILLA_PHYSICAL;11:30:00;1;N/A;N/A;N/A;N/A;N/A;N/A;N/A;N/A;N/A
EURJPY_20MAY2019NY_PUT_124.45_VANILLA_PHYSICAL;13:30:00;1;N/A;N/A;N/A;N/A;N/A;N/A;N/A;N/A;N/A
EURJPY_20MAY2019NY_PUT_124.45_VANILLA_PHYSICAL;15:30:00;1;N/A;N/A;N/A;N/A;N/A;N/A;N/A;N/A;N/A
EURNOK_20MAY2019NY_CALL_9.5615_VANILLA_PHYSICAL;09:30:00;1;N/A;N/A;0.06146;12:42:36.0570000;400000;Continuous Quote Driven and Request For Quote;N/A;Electronic;0.05376/0.06146
EURNOK_20MAY2019NY_CALL_9.5615_VANILLA_PHYSICAL;11:30:00;1;N/A;N/A;0.06146;12:42:36.0570000;400000;Continuous Quote Driven and Request For Quote;N/A;Electronic;0.05376/0.06146
EURNOK_20MAY2019NY_CALL_9.5615_VANILLA_PHYSICAL;13:30:00;1;N/A;N/A;N/A;N/A;N/A;N/A;N/A;N/A;N/A
EURNOK_20MAY2019NY_CALL_9.5615_VANILLA_PHYSICAL;15:30:00;1;N/A;N/A;N/A;N/A;N/A;N/A;N/A;N/A;N/A
EURNOK_24MAY2019NY_PUT_9.53_VANILLA_PHYSICAL;09:30:00;1;N/A;N/A;N/A;N/A;N/A;N/A;N/A;N/A;N/A
EURNOK_24MAY2019NY_PUT_9.53_VANILLA_PHYSICAL;11:30:00;1;N/A;N/A;N/A;N/A;N/A;N/A;N/A;N/A;N/A
EURNOK_24MAY2019NY_PUT_9.53_VANILLA_PHYSICAL;13:30:00;1;N/A;N/A;N/A;N/A;N/A;N/A;N/A;N/A;N/A
EURNOK_24MAY2019NY_PUT_9.53_VANILLA_PHYSICAL;15:30:00;1;N/A;N/A;N/A;N/A;N/A;N/A;N/A;N/A;N/A

